fixture_id,date,league,league_name,referee,home,away,home_score,away_score,yellow_cards,red_cards,fouls,penalties,source,updated_at
espn:401884817,2026-08-28,D1,Bundesliga,Sören Storks,Bayern Munich,Stuttgart,5,1,4,0,27,,espn,2026-10-06T11:06:09Z
espn:401884811,2026-08-29,D1,Bundesliga,Bastian Dankert,Union Berlin,Ein Frankfurt,3,3,6,0,21,,espn,2026-10-06T11:06:09Z
espn:401884810,2026-08-29,D1,Bundesliga,Florian Badstübner,FC Koln,Hoffenheim,3,2,2,0,25,,espn,2026-10-06T11:06:09Z
espn:401884812,2026-08-29,D1,Bundesliga,Tobias Stieler,Mainz,Paderborn,0,0,3,0,18,,espn,2026-10-06T11:06:09Z
espn:401884815,2026-08-29,D1,Bundesliga,Sven Jablonski,RB Leipzig,M'gladbach,3,0,1,0,23,,espn,2026-10-06T11:06:09Z
espn:401884809,2026-08-29,D1,Bundesliga,Robert Hartmann,Elversberg,Leverkusen,3,2,5,0,33,,espn,2026-10-06T11:06:09Z
espn:401884816,2026-08-29,D1,Bundesliga,Felix Zwayer,Dortmund,Hamburg,2,0,3,1,32,,espn,2026-10-06T11:06:09Z
espn:401884814,2026-08-30,D1,Bundesliga,Daniel Siebert,Freiburg,Werder Bremen,4,1,2,0,29,,espn,2026-10-06T11:06:09Z
espn:401884813,2026-08-30,D1,Bundesliga,Sascha Stegemann,Augsburg,Schalke 04,3,0,1,1,11,,espn,2026-10-06T11:06:09Z
espn:401884808,2026-09-04,D1,Bundesliga,Christian Dingert,Stuttgart,FC Koln,4,1,4,0,11,,espn,2026-10-06T11:06:09Z
espn:401884806,2026-09-05,D1,Bundesliga,Robin Braun,Leverkusen,Union Berlin,4,0,4,0,23,,espn,2026-10-06T11:06:09Z
espn:401884804,2026-09-05,D1,Bundesliga,Martin Petersen,M'gladbach,Elversberg,3,4,4,0,27,,espn,2026-10-06T11:06:09Z
espn:401884800,2026-09-05,D1,Bundesliga,Max Burda,Paderborn,Freiburg,0,1,6,0,26,,espn,2026-10-06T11:06:09Z
espn:401884807,2026-09-05,D1,Bundesliga,Matthias Jöllenbeck,Hoffenheim,Dortmund,2,3,6,0,20,,espn,2026-10-06T11:06:09Z
espn:401884802,2026-09-05,D1,Bundesliga,Benjamin Brand,Werder Bremen,RB Leipzig,3,1,1,0,21,,espn,2026-10-06T11:06:09Z
espn:401884801,2026-09-05,D1,Bundesliga,Robert Schröder,Schalke 04,Bayern Munich,0,0,4,0,17,,espn,2026-10-06T11:06:09Z
espn:401884803,2026-09-06,D1,Bundesliga,Tobias Reichel,Hamburg,Mainz,0,5,4,0,33,,espn,2026-10-06T11:06:09Z
espn:401884805,2026-09-06,D1,Bundesliga,Daniel Schlager,Ein Frankfurt,Augsburg,1,4,2,0,23,,espn,2026-10-06T11:06:09Z
espn:401884793,2026-09-11,D1,Bundesliga,Timo Gerach,Union Berlin,Schalke 04,1,3,4,0,21,,espn,2026-10-06T11:06:09Z
espn:401884799,2026-09-12,D1,Bundesliga,Harm Osmers,Dortmund,Paderborn,3,0,2,0,18,,espn,2026-10-06T11:06:09Z
espn:401884795,2026-09-12,D1,Bundesliga,Daniel Siebert,Augsburg,Leverkusen,2,2,2,0,18,,espn,2026-10-06T11:06:09Z
espn:401884794,2026-09-12,D1,Bundesliga,Felix Zwayer,Mainz,Ein Frankfurt,1,3,2,0,20,,espn,2026-10-06T11:06:09Z
espn:401884796,2026-09-12,D1,Bundesliga,Richard Hempel,Freiburg,M'gladbach,5,0,4,1,23,,espn,2026-10-06T11:06:09Z
espn:401884797,2026-09-12,D1,Bundesliga,Sven Jablonski,Hoffenheim,Stuttgart,2,1,1,0,23,,espn,2026-10-06T11:06:09Z
espn:401884792,2026-09-12,D1,Bundesliga,Florian Exner,FC Koln,Werder Bremen,1,1,3,0,23,,espn,2026-10-06T11:06:09Z
espn:401884798,2026-09-13,D1,Bundesliga,Florian Badstübner,RB Leipzig,Hamburg,5,0,3,0,24,,espn,2026-10-06T11:06:09Z
espn:401884791,2026-09-13,D1,Bundesliga,Sascha Stegemann,Elversberg,Bayern Munich,1,2,2,0,17,,espn,2026-10-06T11:06:09Z
espn:401884790,2026-09-18,D1,Bundesliga,Benjamin Brand,Bayern Munich,Union Berlin,7,0,4,0,21,,espn,2026-10-06T11:06:09Z
espn:401884786,2026-09-19,D1,Bundesliga,Robert Hartmann,M'gladbach,Mainz,3,4,11,0,26,,espn,2026-10-06T11:06:09Z
espn:401884787,2026-09-19,D1,Bundesliga,Sören Storks,Ein Frankfurt,Freiburg,2,2,4,0,23,,espn,2026-10-06T11:06:09Z
espn:401884785,2026-09-19,D1,Bundesliga,Matthias Jöllenbeck,Hamburg,FC Koln,2,1,4,0,26,,espn,2026-10-06T11:06:09Z
espn:401884784,2026-09-19,D1,Bundesliga,Bastian Dankert,Werder Bremen,Augsburg,3,2,4,0,21,,espn,2026-10-06T11:06:09Z
espn:401884789,2026-09-19,D1,Bundesliga,Tobias Stieler,Stuttgart,Dortmund,0,1,7,0,23,,espn,2026-10-06T11:06:09Z
espn:401884788,2026-09-20,D1,Bundesliga,Robert Schröder,Leverkusen,RB Leipzig,2,0,5,0,22,,espn,2026-10-06T11:06:09Z
espn:401884783,2026-09-20,D1,Bundesliga,Robin Braun,Schalke 04,Elversberg,0,0,3,0,20,,espn,2026-10-06T11:06:09Z
espn:401884782,2026-09-20,D1,Bundesliga,Daniel Schlager,Paderborn,Hoffenheim,3,1,1,0,20,,espn,2026-10-06T11:06:09Z
espn:401885155,2026-08-07,D2,2. Bundesliga,Wolfgang Haslberger,Bochum,Hertha,0,1,7,0,31,,espn,2026-10-06T11:06:09Z
espn:401885152,2026-08-08,D2,2. Bundesliga,Eric-Dominic Weisbach,Heidenheim,Osnabruck,4,3,3,0,12,,espn,2026-10-06T11:06:09Z
espn:401885148,2026-08-08,D2,2. Bundesliga,Felix Prigan,Magdeburg,Braunschweig,1,6,5,1,23,,espn,2026-10-06T11:06:09Z
espn:401885149,2026-08-08,D2,2. Bundesliga,Michael Bacher,Karlsruhe,Bielefeld,2,1,3,0,27,,espn,2026-10-06T11:06:09Z
espn:401885151,2026-08-08,D2,2. Bundesliga,Felix Bickel,Darmstadt,Holstein Kiel,2,2,5,0,31,,espn,2026-10-06T11:06:09Z
espn:401885154,2026-08-08,D2,2. Bundesliga,Florian Exner,Wolfsburg,Kaiserslautern,0,0,1,0,27,,espn,2026-10-06T11:06:09Z
espn:401885150,2026-08-09,D2,2. Bundesliga,Jarno Wienefeld,Nurnberg,Dresden,3,0,2,0,17,,espn,2026-10-06T11:06:09Z
espn:401885147,2026-08-09,D2,2. Bundesliga,Lars Erbst,Cottbus,Hannover,3,1,2,0,22,,espn,2026-10-06T11:06:09Z
espn:401885153,2026-08-09,D2,2. Bundesliga,Harm Osmers,St Pauli,Greuther Furth,1,1,1,0,9,,espn,2026-10-06T11:06:09Z
espn:401885142,2026-08-14,D2,2. Bundesliga,Max Burda,Holstein Kiel,St Pauli,2,2,6,0,33,,espn,2026-10-06T11:06:09Z
espn:401885140,2026-08-14,D2,2. Bundesliga,Marc Philip Eckermann,Braunschweig,Bochum,0,1,5,0,24,,espn,2026-10-06T11:06:09Z
espn:401885144,2026-08-15,D2,2. Bundesliga,Lukas Benen,Hertha,Heidenheim,4,1,3,1,29,,espn,2026-10-06T11:06:09Z
espn:401885139,2026-08-15,D2,2. Bundesliga,Tom Bauer,Greuther Furth,Nurnberg,2,4,5,0,24,,espn,2026-10-06T11:06:09Z
espn:401885145,2026-08-15,D2,2. Bundesliga,Richard Hempel,Kaiserslautern,Karlsruhe,0,0,6,0,31,,espn,2026-10-06T11:06:09Z
espn:401885141,2026-08-16,D2,2. Bundesliga,Florian Lechner,Bielefeld,Cottbus,3,0,4,0,30,,espn,2026-10-06T11:06:09Z
espn:401885143,2026-08-16,D2,2. Bundesliga,Konrad Oldhafer,Dresden,Darmstadt,1,0,3,1,24,,espn,2026-10-06T11:06:09Z
espn:401885146,2026-08-16,D2,2. Bundesliga,Timo Gansloweit,Hannover,Wolfsburg,0,1,3,0,18,,espn,2026-10-06T11:06:09Z
espn:401885130,2026-08-28,D2,2. Bundesliga,Richard Hempel,Braunschweig,Hertha,3,5,6,0,24,,espn,2026-10-06T11:06:09Z
espn:401885133,2026-08-28,D2,2. Bundesliga,Felix Wagner,Bochum,Osnabruck,0,1,7,0,27,,espn,2026-10-06T11:06:09Z
espn:401885136,2026-08-29,D2,2. Bundesliga,Felix Bickel,Heidenheim,Dresden,5,3,4,1,14,,espn,2026-10-06T11:06:09Z
espn:401885129,2026-08-29,D2,2. Bundesliga,Felix Weller,Cottbus,Greuther Furth,3,4,4,0,27,,espn,2026-10-06T11:06:09Z
espn:401885132,2026-08-29,D2,2. Bundesliga,Lars Erbst,Karlsruhe,Wolfsburg,2,5,1,0,27,,espn,2026-10-06T11:06:09Z
espn:401885134,2026-08-29,D2,2. Bundesliga,Patrick Schwengers,Nurnberg,Bielefeld,4,1,2,0,20,,espn,2026-10-06T11:06:09Z
espn:401885131,2026-08-30,D2,2. Bundesliga,Jarno Wienefeld,Magdeburg,Holstein Kiel,2,0,9,0,31,,espn,2026-10-06T11:06:09Z
espn:401885137,2026-08-30,D2,2. Bundesliga,Eric-Dominic Weisbach,St Pauli,Kaiserslautern,1,2,7,0,22,,espn,2026-10-06T11:06:09Z
espn:401885135,2026-08-30,D2,2. Bundesliga,Timo Gerach,Darmstadt,Hannover,0,1,3,1,20,,espn,2026-10-06T11:06:09Z
espn:401885122,2026-09-04,D2,2. Bundesliga,Felix Prigan,Bielefeld,St Pauli,2,2,5,0,26,,espn,2026-10-06T11:06:09Z
espn:401885127,2026-09-04,D2,2. Bundesliga,Tom Bauer,Hannover,Karlsruhe,2,2,6,0,0,,espn,2026-10-06T11:06:09Z
espn:401885123,2026-09-05,D2,2. Bundesliga,Tobias Stieler,Holstein Kiel,Nurnberg,2,2,7,0,31,,espn,2026-10-06T11:06:09Z
espn:401885126,2026-09-05,D2,2. Bundesliga,Michael Bacher,Kaiserslautern,Darmstadt,3,0,5,0,33,,espn,2026-10-06T11:06:09Z
espn:401885128,2026-09-05,D2,2. Bundesliga,Lukas Benen,Wolfsburg,Cottbus,4,4,6,1,25,,espn,2026-10-06T11:06:09Z
espn:401885124,2026-09-05,D2,2. Bundesliga,Harm Osmers,Dresden,Bochum,1,2,8,0,25,,espn,2026-10-06T11:06:09Z
espn:401885125,2026-09-06,D2,2. Bundesliga,Florian Exner,Hertha,Magdeburg,2,1,4,2,27,,espn,2026-10-06T11:06:09Z
espn:401885121,2026-09-06,D2,2. Bundesliga,Konrad Oldhafer,Greuther Furth,Heidenheim,0,1,2,0,18,,espn,2026-10-06T11:06:09Z
espn:401885120,2026-09-06,D2,2. Bundesliga,Wolfgang Haslberger,Osnabruck,Braunschweig,3,1,6,0,24,,espn,2026-10-06T11:06:09Z
espn:401885116,2026-09-11,D2,2. Bundesliga,Florian Lechner,Nurnberg,Hannover,2,1,4,0,22,,espn,2026-10-06T11:06:09Z
espn:401885117,2026-09-11,D2,2. Bundesliga,Eric-Dominic Weisbach,Darmstadt,Bielefeld,2,1,5,0,34,,espn,2026-10-06T11:06:09Z
espn:401885113,2026-09-12,D2,2. Bundesliga,Marc Philip Eckermann,Magdeburg,Kaiserslautern,3,0,3,0,14,,espn,2026-10-06T11:06:09Z
espn:401885112,2026-09-12,D2,2. Bundesliga,Lars Erbst,Braunschweig,Dresden,2,2,5,0,21,,espn,2026-10-06T11:06:09Z
espn:401885115,2026-09-12,D2,2. Bundesliga,Felix Bickel,Bochum,Greuther Furth,1,1,1,1,14,,espn,2026-10-06T11:06:09Z
espn:401885119,2026-09-12,D2,2. Bundesliga,Sören Storks,St Pauli,Wolfsburg,1,0,4,0,20,,espn,2026-10-06T11:06:09Z
espn:401885114,2026-09-13,D2,2. Bundesliga,Robert Hartmann,Karlsruhe,Cottbus,0,3,3,0,29,,espn,2026-10-06T11:06:09Z
espn:401885111,2026-09-13,D2,2. Bundesliga,Felix Weller,Osnabruck,Hertha,1,3,4,0,24,,espn,2026-10-06T11:06:09Z
espn:401885103,2026-09-18,D2,2. Bundesliga,Christian Ballweg,Greuther Furth,Magdeburg,1,1,4,0,18,,espn,2026-10-06T11:06:09Z
espn:401885110,2026-09-18,D2,2. Bundesliga,Martin Petersen,Wolfsburg,Darmstadt,5,1,5,0,28,,espn,2026-10-06T11:06:09Z
espn:401885105,2026-09-19,D2,2. Bundesliga,Tom Bauer,Holstein Kiel,Osnabruck,1,1,6,1,26,,espn,2026-10-06T11:06:09Z
espn:401885108,2026-09-19,D2,2. Bundesliga,Jarno Wienefeld,Kaiserslautern,Braunschweig,1,0,3,0,17,,espn,2026-10-06T11:06:09Z
espn:401885107,2026-09-19,D2,2. Bundesliga,Timo Gansloweit,Karlsruhe,Nurnberg,0,1,4,0,27,,espn,2026-10-06T11:06:09Z
espn:401885106,2026-09-19,D2,2. Bundesliga,Christian Dingert,Dresden,Hertha,1,2,4,0,20,,espn,2026-10-06T11:06:09Z
espn:401885104,2026-09-20,D2,2. Bundesliga,Felix Wagner,Bielefeld,Heidenheim,2,2,7,0,22,,espn,2026-10-06T11:06:09Z
espn:401885102,2026-09-20,D2,2. Bundesliga,Michael Bacher,Cottbus,St Pauli,1,1,5,1,20,,espn,2026-10-06T11:06:09Z
espn:401885109,2026-09-20,D2,2. Bundesliga,Patrick Schwengers,Hannover,Bochum,2,1,5,0,0,,espn,2026-10-06T11:06:09Z
espn:401879301,2026-08-21,E0,Premier League,Thomas Bramall,Arsenal,Coventry,3,0,2,0,23,,espn,2026-10-06T11:06:09Z
espn:401879322,2026-08-22,E0,Premier League,Darren England,Hull,Man United,2,0,3,0,19,,espn,2026-10-06T11:06:09Z
espn:401879300,2026-08-22,E0,Premier League,Paul Tierney,Everton,Crystal Palace,2,0,1,0,20,,espn,2026-10-06T11:06:09Z
espn:401879299,2026-08-22,E0,Premier League,Farai Hallam,Ipswich,Sunderland,2,1,3,0,26,,espn,2026-10-06T11:06:09Z
espn:401879298,2026-08-22,E0,Premier League,Robert Jones,Nott'm Forest,Leeds,0,1,3,0,29,,espn,2026-10-06T11:06:09Z
espn:401879321,2026-08-22,E0,Premier League,Michael Oliver,Brentford,Tottenham,3,0,2,0,31,,espn,2026-10-06T11:06:09Z
espn:401879297,2026-08-23,E0,Premier League,Peter Bankes,Brighton,Aston Villa,4,0,5,1,21,,espn,2026-10-06T11:06:09Z
espn:401879320,2026-08-23,E0,Premier League,Jarred Gillett,Man City,Bournemouth,2,1,3,0,22,,espn,2026-10-06T11:06:09Z
espn:401879319,2026-08-23,E0,Premier League,Stuart Attwell,Newcastle,Liverpool,2,2,8,0,31,,espn,2026-10-06T11:06:09Z
espn:401879318,2026-08-24,E0,Premier League,John Brooks,Fulham,Chelsea,2,3,5,0,19,,espn,2026-10-06T11:06:09Z
espn:401879294,2026-08-28,E0,Premier League,Andy Madley,Crystal Palace,Man City,1,4,3,0,18,,espn,2026-10-06T11:06:09Z
espn:401879314,2026-08-29,E0,Premier League,Samuel Barrott,Liverpool,Nott'm Forest,2,2,6,0,23,,espn,2026-10-06T11:06:09Z
espn:401879296,2026-08-29,E0,Premier League,Chris Kavanagh,Bournemouth,Everton,1,1,5,0,25,,espn,2026-10-06T11:06:09Z
espn:401879316,2026-08-29,E0,Premier League,Josh Smith,Coventry,Hull,0,1,5,0,19,,espn,2026-10-06T11:06:09Z
espn:401879312,2026-08-29,E0,Premier League,Peter Bankes,Tottenham,Newcastle,0,2,3,0,24,,espn,2026-10-06T11:06:09Z
espn:401879317,2026-08-30,E0,Premier League,Michael Oliver,Chelsea,Brighton,4,3,4,0,18,,espn,2026-10-06T11:06:09Z
espn:401879315,2026-08-30,E0,Premier League,Tony Harrington,Leeds,Brentford,1,1,4,0,18,,espn,2026-10-06T11:06:09Z
espn:401879313,2026-08-30,E0,Premier League,Michael Salisbury,Sunderland,Fulham,1,0,2,0,25,,espn,2026-10-06T11:06:09Z
espn:401879293,2026-08-30,E0,Premier League,Craig Pawson,Man United,Ipswich,5,2,4,0,19,,espn,2026-10-06T11:06:09Z
espn:401879295,2026-08-31,E0,Premier League,Jarred Gillett,Aston Villa,Arsenal,0,1,4,0,23,,espn,2026-10-06T11:06:09Z
espn:401879288,2026-09-04,E0,Premier League,Darren England,Ipswich,Liverpool,0,2,4,0,19,,espn,2026-10-06T11:06:09Z
espn:401879286,2026-09-05,E0,Premier League,Robert Jones,Newcastle,Bournemouth,2,2,5,0,36,,espn,2026-10-06T11:06:09Z
espn:401879311,2026-09-05,E0,Premier League,Thomas Bramall,Brentford,Sunderland,1,1,5,0,28,,espn,2026-10-06T11:06:09Z
espn:401879290,2026-09-05,E0,Premier League,Stuart Attwell,Brighton,Leeds,1,1,6,0,29,,espn,2026-10-06T11:06:09Z
espn:401879289,2026-09-05,E0,Premier League,Samuel Barrott,Fulham,Crystal Palace,2,3,0,0,13,,espn,2026-10-06T11:06:09Z
espn:401879287,2026-09-05,E0,Premier League,Paul Tierney,Man City,Coventry,1,0,3,0,24,,espn,2026-10-06T11:06:09Z
espn:401878780,2026-09-05,E0,Premier League,Craig Pawson,Nott'm Forest,Tottenham,0,0,4,0,35,,espn,2026-10-06T11:06:09Z
espn:401878781,2026-09-05,E0,Premier League,Michael Oliver,Hull,Aston Villa,0,0,2,0,15,,espn,2026-10-06T11:06:09Z
espn:401879291,2026-09-06,E0,Premier League,John Brooks,Everton,Man United,2,2,6,0,18,,espn,2026-10-06T11:06:09Z
espn:401879292,2026-09-06,E0,Premier League,Chris Kavanagh,Arsenal,Chelsea,2,1,6,0,29,,espn,2026-10-06T11:06:09Z
espn:401879285,2026-09-12,E0,Premier League,Jarred Gillett,Bournemouth,Brentford,2,2,6,0,23,,espn,2026-10-06T11:06:09Z
espn:401879284,2026-09-12,E0,Premier League,Andy Madley,Aston Villa,Nott'm Forest,1,2,7,0,27,,espn,2026-10-06T11:06:09Z
espn:401879283,2026-09-12,E0,Premier League,Farai Hallam,Chelsea,Hull,2,2,6,0,19,,espn,2026-10-06T11:06:09Z
espn:401879281,2026-09-12,E0,Premier League,Chris Kavanagh,Crystal Palace,Ipswich,2,3,4,1,22,,espn,2026-10-06T11:06:09Z
espn:401879279,2026-09-12,E0,Premier League,Thomas Bramall,Liverpool,Fulham,0,0,1,0,19,,espn,2026-10-06T11:06:09Z
espn:401879277,2026-09-12,E0,Premier League,Darren England,Tottenham,Everton,0,0,2,0,22,,espn,2026-10-06T11:06:09Z
espn:401878779,2026-09-12,E0,Premier League,John Brooks,Sunderland,Arsenal,0,2,7,1,29,,espn,2026-10-06T11:06:09Z
espn:401879282,2026-09-13,E0,Premier League,Tony Harrington,Coventry,Brighton,0,5,0,1,24,,espn,2026-10-06T11:06:09Z
espn:401879278,2026-09-13,E0,Premier League,Michael Oliver,Man United,Man City,0,1,3,1,27,,espn,2026-10-06T11:06:09Z
espn:401879280,2026-09-14,E0,Premier League,Michael Salisbury,Leeds,Newcastle,4,1,3,0,21,,espn,2026-10-06T11:06:09Z
espn:401879275,2026-09-18,E0,Premier League,Andy Madley,Brentford,Chelsea,3,0,2,0,17,,espn,2026-10-06T11:06:09Z
espn:401879269,2026-09-19,E0,Premier League,Samuel Barrott,Tottenham,Aston Villa,2,3,3,0,22,,espn,2026-10-06T11:06:09Z
espn:401879274,2026-09-19,E0,Premier League,Darren England,Brighton,Arsenal,3,0,5,0,24,,espn,2026-10-06T11:06:09Z
espn:401878778,2026-09-19,E0,Premier League,Stuart Attwell,Everton,Ipswich,1,0,4,1,18,,espn,2026-10-06T11:06:09Z
espn:401879271,2026-09-19,E0,Premier League,Tony Harrington,Newcastle,Hull,2,1,5,0,14,,espn,2026-10-06T11:06:09Z
espn:401879270,2026-09-19,E0,Premier League,Jarred Gillett,Nott'm Forest,Coventry,0,1,2,0,22,,espn,2026-10-06T11:06:09Z
espn:401879276,2026-09-20,E0,Premier League,Michael Oliver,Bournemouth,Liverpool,0,1,3,0,24,,espn,2026-10-06T11:06:09Z
espn:401879273,2026-09-20,E0,Premier League,Adam Herczeg,Leeds,Crystal Palace,0,0,5,0,22,,espn,2026-10-06T11:06:09Z
espn:401879272,2026-09-20,E0,Premier League,Robert Jones,Man City,Sunderland,5,3,1,0,28,,espn,2026-10-06T11:06:09Z
espn:401878777,2026-09-20,E0,Premier League,Peter Bankes,Fulham,Man United,1,1,3,0,14,,espn,2026-10-06T11:06:09Z
espn:401880340,2026-08-14,E1,Championship,Farai Hallam,Wolves,Blackburn,2,2,4,0,26,,espn,2026-10-06T11:06:09Z
espn:401880339,2026-08-15,E1,Championship,Adam Herczeg,Bolton,Preston,2,1,5,0,23,,espn,2026-10-06T11:06:09Z
espn:401880338,2026-08-15,E1,Championship,Lewis Smith,Bristol City,Millwall,0,2,3,1,20,,espn,2026-10-06T11:06:09Z
espn:401880337,2026-08-15,E1,Championship,Ben Speedie,Charlton,Derby,2,1,3,0,23,,espn,2026-10-06T11:06:09Z
espn:401880336,2026-08-15,E1,Championship,Robert Madley,Middlesbrough,Lincoln,2,1,2,0,24,,espn,2026-10-06T11:06:09Z
espn:401880335,2026-08-15,E1,Championship,Tim Robinson,Norwich,West Brom,1,2,2,0,26,,espn,2026-10-06T11:06:09Z
espn:401880334,2026-08-15,E1,Championship,Will Finnie,Portsmouth,QPR,1,3,1,0,22,,espn,2026-10-06T11:06:09Z
espn:401880333,2026-08-15,E1,Championship,Oliver Langford,Stoke,Swansea,1,2,4,0,23,,espn,2026-10-06T11:06:09Z
espn:401880332,2026-08-15,E1,Championship,Gavin Ward,Sheffield United,Birmingham,0,0,0,0,24,,espn,2026-10-06T11:06:09Z
espn:401880331,2026-08-16,E1,Championship,Matt Donohue,Watford,Southampton,2,1,9,0,21,,espn,2026-10-06T11:06:09Z
espn:401880330,2026-08-16,E1,Championship,Josh Smith,Burnley,West Ham,2,2,5,0,21,,espn,2026-10-06T11:06:09Z
espn:401880329,2026-08-17,E1,Championship,Andrew Kitchen,Cardiff,Wrexham,1,1,2,0,22,,espn,2026-10-06T11:06:09Z
espn:401880328,2026-08-22,E1,Championship,Will Finnie,Birmingham,Bristol City,2,2,3,0,25,,espn,2026-10-06T11:06:09Z
espn:401880325,2026-08-22,E1,Championship,Tony Harrington,Lincoln,Portsmouth,1,3,4,0,32,,espn,2026-10-06T11:06:09Z
espn:401880324,2026-08-22,E1,Championship,Samuel Allison,Millwall,Norwich,3,0,3,1,22,,espn,2026-10-06T11:06:09Z
espn:401880327,2026-08-22,E1,Championship,Tom Reeves,Blackburn,Middlesbrough,2,1,5,0,20,,espn,2026-10-06T11:06:09Z
espn:401880326,2026-08-22,E1,Championship,Ruebyn Ricardo,Derby,Cardiff,2,2,6,0,22,,espn,2026-10-06T11:06:09Z
espn:401880323,2026-08-22,E1,Championship,Elliot Bell,Preston,Wolves,1,3,5,0,21,,espn,2026-10-06T11:06:09Z
espn:401880322,2026-08-22,E1,Championship,Edward Duckworth,QPR,Bolton,0,0,3,0,14,,espn,2026-10-06T11:06:09Z
espn:401880321,2026-08-22,E1,Championship,Steve Martin,Southampton,Stoke,3,1,7,1,31,,espn,2026-10-06T11:06:09Z
espn:401880320,2026-08-22,E1,Championship,Tom Nield,Swansea,Sheffield United,0,0,4,0,24,,espn,2026-10-06T11:06:09Z
espn:401880318,2026-08-22,E1,Championship,Andrew Kitchen,West Ham,Charlton,1,2,5,0,25,,espn,2026-10-06T11:06:09Z
espn:401880317,2026-08-22,E1,Championship,John Busby,Wrexham,Watford,1,1,2,0,24,,espn,2026-10-06T11:06:09Z
espn:401880319,2026-08-23,E1,Championship,Anthony Backhouse,West Brom,Burnley,3,1,3,0,21,,espn,2026-10-06T11:06:09Z
espn:401880305,2026-08-28,E1,Championship,Robert Jones,Wrexham,Birmingham,1,2,3,0,23,,espn,2026-10-06T11:06:09Z
espn:401880311,2026-08-29,E1,Championship,David Webb,Derby,Swansea,0,3,5,0,23,,espn,2026-10-06T11:06:09Z
espn:401880310,2026-08-29,E1,Championship,Paul Tierney,Middlesbrough,West Brom,3,1,1,0,21,,espn,2026-10-06T11:06:09Z
espn:401880306,2026-08-29,E1,Championship,Tom Nield,Wolves,Stoke,4,1,5,0,28,,espn,2026-10-06T11:06:09Z
espn:401880316,2026-08-29,E1,Championship,Gavin Ward,Blackburn,QPR,1,2,5,0,18,,espn,2026-10-06T11:06:09Z
espn:401880315,2026-08-29,E1,Championship,Ben Speedie,Bolton,Lincoln,0,1,3,0,21,,espn,2026-10-06T11:06:09Z
espn:401880314,2026-08-29,E1,Championship,James Bell,Bristol City,Portsmouth,2,1,3,0,21,,espn,2026-10-06T11:06:09Z
espn:401880313,2026-08-29,E1,Championship,John Busby,Cardiff,Sheffield United,2,2,4,0,23,,espn,2026-10-06T11:06:09Z
espn:401880312,2026-08-29,E1,Championship,Tom Reeves,Charlton,Preston,1,0,2,0,31,,espn,2026-10-06T11:06:09Z
espn:401880309,2026-08-29,E1,Championship,Elliot Bell,Norwich,Burnley,4,1,6,1,19,,espn,2026-10-06T11:06:09Z
espn:401880308,2026-08-29,E1,Championship,Adam Herczeg,Southampton,Millwall,5,1,3,0,16,,espn,2026-10-06T11:06:09Z
espn:401880307,2026-08-29,E1,Championship,Robert Madley,Watford,West Ham,1,1,4,0,17,,espn,2026-10-06T11:06:09Z
espn:401880303,2026-09-01,E1,Championship,Will Finnie,Lincoln,Blackburn,0,0,4,1,23,,espn,2026-10-06T11:06:09Z
espn:401880302,2026-09-01,E1,Championship,Samuel Allison,Portsmouth,Derby,0,2,3,0,27,,espn,2026-10-06T11:06:09Z
espn:401880301,2026-09-01,E1,Championship,Ruebyn Ricardo,Preston,Bristol City,1,3,2,0,25,,espn,2026-10-06T11:06:09Z
espn:401880300,2026-09-01,E1,Championship,Tony Harrington,Sheffield United,Bolton,3,2,2,0,21,,espn,2026-10-06T11:06:09Z
espn:401880298,2026-09-01,E1,Championship,Edward Duckworth,Swansea,Watford,2,0,4,0,20,,espn,2026-10-06T11:06:09Z
espn:401880297,2026-09-01,E1,Championship,Lewis Smith,West Ham,Wolves,4,2,3,0,18,,espn,2026-10-06T11:06:09Z
espn:401880304,2026-09-01,E1,Championship,Anthony Backhouse,Birmingham,Southampton,1,1,5,0,20,,espn,2026-10-06T11:06:09Z
espn:401880299,2026-09-01,E1,Championship,Andrew Kitchen,Stoke,Norwich,1,0,4,0,26,,espn,2026-10-06T11:06:09Z
espn:401880295,2026-09-02,E1,Championship,Oliver Langford,Millwall,Wrexham,0,3,3,0,25,,espn,2026-10-06T11:06:09Z
espn:401880294,2026-09-02,E1,Championship,Tim Robinson,QPR,Cardiff,2,1,2,0,22,,espn,2026-10-06T11:06:09Z
espn:401880293,2026-09-02,E1,Championship,Farai Hallam,West Brom,Charlton,1,1,2,0,20,,espn,2026-10-06T11:06:09Z
espn:401880296,2026-09-02,E1,Championship,Matt Donohue,Burnley,Middlesbrough,1,1,4,0,19,,espn,2026-10-06T11:06:09Z
espn:401880290,2026-09-05,E1,Championship,Andrew Kitchen,Lincoln,Southampton,1,1,3,0,24,,espn,2026-10-06T11:06:09Z
espn:401880287,2026-09-05,E1,Championship,Anthony Backhouse,Preston,Blackburn,2,1,6,0,20,,espn,2026-10-06T11:06:09Z
espn:401880284,2026-09-05,E1,Championship,Robert Madley,Stoke,Charlton,4,0,4,1,33,,espn,2026-10-06T11:06:09Z
espn:401880291,2026-09-05,E1,Championship,Gavin Ward,Burnley,Bristol City,1,2,3,0,20,,espn,2026-10-06T11:06:09Z
espn:401880289,2026-09-05,E1,Championship,Will Finnie,Millwall,Bolton,4,0,1,2,27,,espn,2026-10-06T11:06:09Z
espn:401880288,2026-09-05,E1,Championship,Ben Speedie,Portsmouth,Cardiff,2,0,4,0,27,,espn,2026-10-06T11:06:09Z
espn:401880286,2026-09-05,E1,Championship,Andy Madley,QPR,Middlesbrough,0,1,3,0,11,,espn,2026-10-06T11:06:09Z
espn:401880285,2026-09-05,E1,Championship,Josh Smith,Sheffield United,Norwich,1,3,5,0,27,,espn,2026-10-06T11:06:09Z
espn:401880282,2026-09-05,E1,Championship,Michael Salisbury,West Brom,Watford,1,0,8,0,30,,espn,2026-10-06T11:06:09Z
espn:401880281,2026-09-05,E1,Championship,Oliver Langford,West Ham,Derby,3,0,2,0,22,,espn,2026-10-06T11:06:09Z
espn:401880283,2026-09-05,E1,Championship,Elliot Bell,Swansea,Wrexham,0,0,3,0,23,,espn,2026-10-06T11:06:09Z
espn:401880292,2026-09-06,E1,Championship,Adam Herczeg,Birmingham,Wolves,2,2,3,0,29,,espn,2026-10-06T11:06:09Z
espn:401880276,2026-09-08,E1,Championship,Matt Donohue,Blackburn,Sheffield United,1,2,3,0,23,,espn,2026-10-06T11:06:09Z
espn:401880273,2026-09-08,E1,Championship,Samuel Allison,Cardiff,Stoke,1,1,3,0,24,,espn,2026-10-06T11:06:09Z
espn:401880279,2026-09-08,E1,Championship,Lewis Smith,Southampton,Swansea,3,1,1,0,20,,espn,2026-10-06T11:06:09Z
espn:401880278,2026-09-08,E1,Championship,Farai Hallam,Watford,Preston,2,1,2,0,17,,espn,2026-10-06T11:06:09Z
espn:401880269,2026-09-08,E1,Championship,Tim Robinson,Wrexham,Burnley,1,1,5,0,27,,espn,2026-10-06T11:06:09Z
espn:401880275,2026-09-08,E1,Championship,David Webb,Bolton,West Ham,2,3,2,0,19,,espn,2026-10-06T11:06:09Z
espn:401880271,2026-09-09,E1,Championship,James Bell,Derby,West Brom,0,1,3,1,21,,espn,2026-10-06T11:06:09Z
espn:401880270,2026-09-09,E1,Championship,Tom Reeves,Norwich,Birmingham,2,1,8,0,21,,espn,2026-10-06T11:06:09Z
espn:401880272,2026-09-09,E1,Championship,Tom Nield,Charlton,QPR,0,0,2,0,18,,espn,2026-10-06T11:06:09Z
espn:401880257,2026-09-11,E1,Championship,Matt Donohue,West Ham,Wrexham,6,0,1,0,17,,espn,2026-10-06T11:06:09Z
espn:401880267,2026-09-12,E1,Championship,Thomas Parsons,Bolton,Cardiff,1,0,7,0,29,,espn,2026-10-06T11:06:09Z
espn:401880265,2026-09-12,E1,Championship,John Busby,Derby,Birmingham,1,2,4,0,20,,espn,2026-10-06T11:06:09Z
espn:401880258,2026-09-12,E1,Championship,Ruebyn Ricardo,West Brom,QPR,1,1,5,0,25,,espn,2026-10-06T11:06:09Z
espn:401880268,2026-09-12,E1,Championship,Josh Smith,Blackburn,Millwall,3,1,8,0,24,,espn,2026-10-06T11:06:09Z
espn:401880266,2026-09-12,E1,Championship,Andrew Kitchen,Charlton,Portsmouth,0,0,2,0,19,,espn,2026-10-06T11:06:09Z
espn:401880264,2026-09-12,E1,Championship,Adam Herczeg,Middlesbrough,Norwich,4,3,3,0,22,,espn,2026-10-06T11:06:09Z
espn:401880263,2026-09-12,E1,Championship,Steve Martin,Preston,Lincoln,0,1,2,0,17,,espn,2026-10-06T11:06:09Z
espn:401880261,2026-09-12,E1,Championship,Samuel Allison,Southampton,Bristol City,4,1,2,0,20,,espn,2026-10-06T11:06:09Z
espn:401880260,2026-09-12,E1,Championship,James Bell,Swansea,Burnley,3,1,3,0,14,,espn,2026-10-06T11:06:09Z
espn:401880259,2026-09-12,E1,Championship,Lewis Smith,Watford,Stoke,1,2,4,0,20,,espn,2026-10-06T11:06:09Z
espn:401880262,2026-09-13,E1,Championship,Robert Jones,Sheffield United,Wolves,0,1,3,0,27,,espn,2026-10-06T11:06:09Z
espn:401880274,2026-09-15,E1,Championship,Tim Robinson,Bristol City,Lincoln,0,1,7,0,32,,espn,2026-10-06T11:06:09Z
espn:401880280,2026-09-15,E1,Championship,Robert Madley,Middlesbrough,Millwall,2,2,2,0,15,,espn,2026-10-06T11:06:09Z
espn:401880255,2026-09-18,E1,Championship,Oliver Langford,Bristol City,Watford,1,0,7,0,26,,espn,2026-10-06T11:06:09Z
espn:401880253,2026-09-19,E1,Championship,Elliot Bell,Cardiff,Charlton,3,1,8,0,25,,espn,2026-10-06T11:06:09Z
espn:401880251,2026-09-19,E1,Championship,Paul Tierney,Millwall,West Ham,2,2,5,1,35,,espn,2026-10-06T11:06:09Z
espn:401880247,2026-09-19,E1,Championship,Tim Robinson,Stoke,Sheffield United,2,1,8,0,27,,espn,2026-10-06T11:06:09Z
espn:401880256,2026-09-19,E1,Championship,David Webb,Birmingham,Middlesbrough,2,2,2,0,22,,espn,2026-10-06T11:06:09Z
espn:401880254,2026-09-19,E1,Championship,Steve Martin,Burnley,Derby,1,1,6,0,21,,espn,2026-10-06T11:06:09Z
espn:401880252,2026-09-19,E1,Championship,Anthony Backhouse,Lincoln,Swansea,1,2,3,0,23,,espn,2026-10-06T11:06:09Z
espn:401880249,2026-09-19,E1,Championship,John Busby,Portsmouth,Blackburn,2,2,3,0,25,,espn,2026-10-06T11:06:09Z
espn:401880248,2026-09-19,E1,Championship,Thomas Parsons,QPR,Preston,2,2,4,1,21,,espn,2026-10-06T11:06:09Z
espn:401880245,2026-09-19,E1,Championship,Gavin Ward,Wrexham,Southampton,2,1,5,0,15,,espn,2026-10-06T11:06:09Z
espn:401880246,2026-09-20,E1,Championship,Josh Smith,Wolves,West Brom,1,0,3,0,31,,espn,2026-10-06T11:06:09Z
espn:401880250,2026-09-20,E1,Championship,Tom Nield,Norwich,Bolton,3,4,0,0,23,,espn,2026-10-06T11:06:09Z
espn:401876489,2026-08-21,F1,Ligue 1,Ruddy Buquet,Marseille,Strasbourg,4,0,3,1,18,,espn,2026-10-06T11:06:09Z
espn:401876490,2026-08-22,F1,Ligue 1,Mathieu Vernice,Lens,Auxerre,5,2,2,1,27,,espn,2026-10-06T11:06:09Z
espn:401876491,2026-08-22,F1,Ligue 1,Aurelien Petit,Le Mans,Brest,2,2,2,0,26,,espn,2026-10-06T11:06:09Z
espn:401876488,2026-08-22,F1,Ligue 1,Romain Lissorgue,Nice,Lorient,0,0,1,0,23,,espn,2026-10-06T11:06:09Z
espn:401876486,2026-08-22,F1,Ligue 1,Guillaume Paradis,Toulouse,Lyon,0,2,3,0,30,,espn,2026-10-06T11:06:09Z
espn:401876485,2026-08-22,F1,Ligue 1,Marc Bollengier,Troyes,Paris FC,0,0,3,0,22,,espn,2026-10-06T11:06:09Z
espn:401876493,2026-08-23,F1,Ligue 1,Jeremy Stinat,Angers,Lille,0,2,4,0,24,,espn,2026-10-06T11:06:09Z
espn:401876492,2026-08-23,F1,Ligue 1,Jeremie Pignard,Le Havre,Monaco,0,1,5,0,25,,espn,2026-10-06T11:06:09Z
espn:401876487,2026-08-23,F1,Ligue 1,Bastien Dechepy,Rennes,PSG,2,2,4,0,13,,espn,2026-10-06T11:06:09Z
espn:401876476,2026-08-28,F1,Ligue 1,Eric Wattellier,Lille,PSG,2,2,3,0,18,,espn,2026-10-06T11:06:09Z
espn:401876477,2026-08-29,F1,Ligue 1,Bastien Dechepy,Strasbourg,Lens,2,1,4,0,21,,espn,2026-10-06T11:06:09Z
espn:401876484,2026-08-29,F1,Ligue 1,Hakim Ben El Hadj,Auxerre,Angers,1,3,5,0,22,,espn,2026-10-06T11:06:09Z
espn:401876483,2026-08-29,F1,Ligue 1,Jerome Brisard,Brest,Toulouse,2,2,5,0,37,,espn,2026-10-06T11:06:09Z
espn:401876482,2026-08-29,F1,Ligue 1,Azzedine Souifi,Lorient,Troyes,1,2,0,0,20,,espn,2026-10-06T11:06:09Z
espn:401876481,2026-08-29,F1,Ligue 1,Francois Letexier,Lyon,Le Havre,1,1,2,0,23,,espn,2026-10-06T11:06:09Z
espn:401876479,2026-08-30,F1,Ligue 1,Jeremy Stinat,Paris FC,Nice,3,0,1,0,14,,espn,2026-10-06T11:06:09Z
espn:401876478,2026-08-30,F1,Ligue 1,Romain Lissorgue,Rennes,Le Mans,3,2,5,1,30,,espn,2026-10-06T11:06:09Z
espn:401876480,2026-08-30,F1,Ligue 1,Willy Delajod,Monaco,Marseille,2,0,4,0,19,,espn,2026-10-06T11:06:09Z
espn:401876468,2026-09-03,F1,Ligue 1,Mathieu Vernice,Toulouse,Lille,0,1,1,0,25,,espn,2026-10-06T11:06:09Z
espn:401876472,2026-09-04,F1,Ligue 1,Ruddy Buquet,Lyon,Auxerre,3,1,4,0,19,,espn,2026-10-06T11:06:09Z
espn:401876469,2026-09-04,F1,Ligue 1,Jerome Brisard,PSG,Monaco,1,2,2,0,20,,espn,2026-10-06T11:06:09Z
espn:401876473,2026-09-05,F1,Ligue 1,Eric Wattellier,Lens,Lorient,0,1,4,1,24,,espn,2026-10-06T11:06:09Z
espn:401876474,2026-09-05,F1,Ligue 1,Marc Bollengier,Le Havre,Brest,1,2,2,1,33,,espn,2026-10-06T11:06:09Z
espn:401876470,2026-09-05,F1,Ligue 1,Jeremie Pignard,Nice,Le Mans,1,1,4,0,15,,espn,2026-10-06T11:06:09Z
espn:401876467,2026-09-06,F1,Ligue 1,Guillaume Paradis,Troyes,Strasbourg,2,6,2,0,22,,espn,2026-10-06T11:06:09Z
espn:401876475,2026-09-06,F1,Ligue 1,Geoffrey Kubler,Angers,Rennes,1,2,2,0,25,,espn,2026-10-06T11:06:09Z
espn:401876471,2026-09-06,F1,Ligue 1,Clément Turpin,Marseille,Paris FC,2,3,2,0,22,,espn,2026-10-06T11:06:09Z
espn:401876459,2026-09-11,F1,Ligue 1,Jeremy Stinat,Rennes,Marseille,1,0,5,0,28,,espn,2026-10-06T11:06:09Z
espn:401876458,2026-09-12,F1,Ligue 1,Eric Wattellier,Strasbourg,Monaco,1,1,2,0,19,,espn,2026-10-06T11:06:09Z
espn:401876466,2026-09-12,F1,Ligue 1,Francois Letexier,Auxerre,Nice,1,0,2,0,16,,espn,2026-10-06T11:06:09Z
espn:401876464,2026-09-12,F1,Ligue 1,Ruddy Buquet,Le Havre,Angers,0,0,2,0,28,,espn,2026-10-06T11:06:09Z
espn:401876461,2026-09-12,F1,Ligue 1,Aurelien Petit,Lorient,Toulouse,2,2,1,0,26,,espn,2026-10-06T11:06:09Z
espn:401876460,2026-09-12,F1,Ligue 1,Jerome Brisard,Paris FC,Lyon,0,0,3,0,32,,espn,2026-10-06T11:06:09Z
espn:401876462,2026-09-13,F1,Ligue 1,Romain Lissorgue,Lille,Troyes,2,0,1,0,31,,espn,2026-10-06T11:06:09Z
espn:401876463,2026-09-13,F1,Ligue 1,Hakim Ben El Hadj,Le Mans,Lens,2,2,5,0,28,,espn,2026-10-06T11:06:09Z
espn:401876465,2026-09-13,F1,Ligue 1,Willy Delajod,Brest,PSG,0,1,3,0,20,,espn,2026-10-06T11:06:09Z
espn:401876453,2026-09-18,F1,Ligue 1,Clément Turpin,Monaco,Lens,2,1,2,0,24,,espn,2026-10-06T11:06:09Z
espn:401876451,2026-09-19,F1,Ligue 1,Jeremy Stinat,Paris FC,Strasbourg,2,1,5,0,29,,espn,2026-10-06T11:06:09Z
espn:401876457,2026-09-19,F1,Ligue 1,Azzedine Souifi,Angers,Troyes,2,0,5,0,29,,espn,2026-10-06T11:06:09Z
espn:401876455,2026-09-19,F1,Ligue 1,Geoffrey Kubler,Le Mans,Lorient,2,1,6,0,30,,espn,2026-10-06T11:06:09Z
espn:401876454,2026-09-19,F1,Ligue 1,Mathieu Vernice,Lyon,Rennes,4,0,6,0,27,,espn,2026-10-06T11:06:09Z
espn:401876450,2026-09-19,F1,Ligue 1,Hakim Ben El Hadj,Toulouse,Le Havre,3,2,4,0,32,,espn,2026-10-06T11:06:09Z
espn:401876456,2026-09-20,F1,Ligue 1,Guillaume Paradis,Auxerre,Brest,2,1,2,0,32,,espn,2026-10-06T11:06:09Z
espn:401876452,2026-09-20,F1,Ligue 1,Willy Delajod,Nice,Lille,2,1,4,0,25,,espn,2026-10-06T11:06:09Z
espn:401876449,2026-09-20,F1,Ligue 1,Francois Letexier,Marseille,PSG,1,2,4,1,12,,espn,2026-10-06T11:06:09Z
espn:401876799,2026-08-08,F2,Ligue 2,Karim Abed,Boulogne,Nancy,0,0,1,0,31,,espn,2026-10-06T11:06:09Z
espn:401876798,2026-08-08,F2,Ligue 2,Gael Angoula,Clermont,Reims,0,0,2,0,28,,espn,2026-10-06T11:06:09Z
espn:401876797,2026-08-08,F2,Ligue 2,Brendan Roffet,Dunkerque,Grenoble,4,2,5,0,27,,espn,2026-10-06T11:06:09Z
espn:401876796,2026-08-08,F2,Ligue 2,Aurelien Petit,Metz,Guingamp,2,1,3,0,26,,espn,2026-10-06T11:06:09Z
espn:401876795,2026-08-08,F2,Ligue 2,Remi Landry,Montpellier,Dijon,1,1,6,0,37,,espn,2026-10-06T11:06:09Z
espn:401876794,2026-08-08,F2,Ligue 2,Benoit Millot,Nantes,Red Star,0,1,5,0,26,,espn,2026-10-06T11:06:09Z
espn:401876793,2026-08-08,F2,Ligue 2,Ahmed Taleb,Pau FC,Annecy,0,1,3,1,22,,espn,2026-10-06T11:06:09Z
espn:401876792,2026-08-08,F2,Ligue 2,Eddy Rosier,Rodez,Laval,3,1,2,1,18,,espn,2026-10-06T11:06:09Z
espn:401876791,2026-08-08,F2,Ligue 2,Tifenn Leprodhomme,Sochaux,St Etienne,0,3,1,0,24,,espn,2026-10-06T11:06:09Z
espn:401876790,2026-08-14,F2,Ligue 2,Geoffrey Kubler,Annecy,Rodez,2,0,2,0,27,,espn,2026-10-06T11:06:09Z
espn:401876785,2026-08-14,F2,Ligue 2,Azzedine Souifi,Nancy,Montpellier,0,1,7,0,45,,espn,2026-10-06T11:06:09Z
espn:401876789,2026-08-14,F2,Ligue 2,Gabriel Henry,Dijon,Pau FC,0,1,2,0,28,,espn,2026-10-06T11:06:09Z
espn:401876788,2026-08-14,F2,Ligue 2,Faouzi Benchabane,Grenoble,Metz,0,0,4,0,27,,espn,2026-10-06T11:06:09Z
espn:401876787,2026-08-14,F2,Ligue 2,Remi Landry,Guingamp,Boulogne,1,0,3,0,30,,espn,2026-10-06T11:06:09Z
espn:401876782,2026-08-14,F2,Ligue 2,Mickael Leleu,St Etienne,Clermont,3,1,2,0,30,,espn,2026-10-06T11:06:09Z
espn:401876783,2026-08-14,F2,Ligue 2,Pierre Gaillouste,Reims,Dunkerque,3,3,6,1,26,,espn,2026-10-06T11:06:09Z
espn:401876786,2026-08-14,F2,Ligue 2,Antoine Valnet,Laval,Nantes,2,1,1,0,26,,espn,2026-10-06T11:06:09Z
espn:401876779,2026-08-21,F2,Ligue 2,Eddy Rosier,Dunkerque,Montpellier,0,1,5,0,36,,espn,2026-10-06T11:06:09Z
espn:401876776,2026-08-21,F2,Ligue 2,Tifenn Leprodhomme,Pau FC,Nancy,0,1,5,0,34,,espn,2026-10-06T11:06:09Z
espn:401876773,2026-08-21,F2,Ligue 2,Brendan Roffet,Sochaux,Guingamp,1,0,6,0,32,,espn,2026-10-06T11:06:09Z
espn:401876778,2026-08-22,F2,Ligue 2,Gael Angoula,Metz,Laval,1,1,4,1,30,,espn,2026-10-06T11:06:09Z
espn:401876777,2026-08-22,F2,Ligue 2,Ahmed Taleb,Nantes,Rodez,2,5,5,0,32,,espn,2026-10-06T11:06:09Z
espn:401876774,2026-08-22,F2,Ligue 2,Azzedine Souifi,St Etienne,Grenoble,4,0,4,0,33,,espn,2026-10-06T11:06:09Z
espn:401876775,2026-08-24,F2,Ligue 2,Eric Wattellier,Reims,Annecy,3,1,0,0,18,,espn,2026-10-06T11:06:09Z
espn:401876771,2026-08-28,F2,Ligue 2,Gabriel Henry,Clermont,Sochaux,0,0,2,0,30,,espn,2026-10-06T11:06:09Z
espn:401876767,2026-08-28,F2,Ligue 2,Pierre Gaillouste,Montpellier,Boulogne,0,0,4,1,34,,espn,2026-10-06T11:06:09Z
espn:401876764,2026-08-28,F2,Ligue 2,Faouzi Benchabane,Rodez,Pau FC,2,2,4,0,29,,espn,2026-10-06T11:06:09Z
espn:401876768,2026-08-28,F2,Ligue 2,Karim Abed,Laval,Grenoble,0,3,5,0,27,,espn,2026-10-06T11:06:09Z
espn:401876772,2026-08-29,F2,Ligue 2,Antoine Valnet,Annecy,Metz,1,1,4,0,26,,espn,2026-10-06T11:06:09Z
espn:401876765,2026-08-29,F2,Ligue 2,Geoffrey Kubler,Red Star,Reims,1,4,6,0,27,,espn,2026-10-06T11:06:09Z
espn:401876769,2026-08-29,F2,Ligue 2,Mickael Leleu,Guingamp,Nantes,3,3,2,0,33,,espn,2026-10-06T11:06:09Z
espn:401876770,2026-08-31,F2,Ligue 2,Benoit Millot,Dijon,St Etienne,2,3,2,0,27,,espn,2026-10-06T11:06:09Z
espn:401876763,2026-09-04,F2,Ligue 2,Eddy Rosier,Boulogne,Dijon,1,1,4,0,25,,espn,2026-10-06T11:06:09Z
espn:401876762,2026-09-04,F2,Ligue 2,Aurelien Petit,Dunkerque,Clermont,1,1,3,0,27,,espn,2026-10-06T11:06:09Z
espn:401876761,2026-09-04,F2,Ligue 2,Gael Angoula,Grenoble,Annecy,1,2,3,0,24,,espn,2026-10-06T11:06:09Z
espn:401876759,2026-09-05,F2,Ligue 2,Jeremy Stinat,Metz,Rodez,4,1,2,0,22,,espn,2026-10-06T11:06:09Z
espn:401876756,2026-09-05,F2,Ligue 2,Tifenn Leprodhomme,Reims,Guingamp,2,2,2,0,25,,espn,2026-10-06T11:06:09Z
espn:401876755,2026-09-05,F2,Ligue 2,Ahmed Taleb,St Etienne,Montpellier,3,1,3,0,39,,espn,2026-10-06T11:06:09Z
espn:401876758,2026-09-07,F2,Ligue 2,Remi Landry,Nantes,Nancy,1,0,5,1,31,,espn,2026-10-06T11:06:09Z
espn:401876749,2026-09-11,F2,Ligue 2,Benoit Millot,Nancy,Reims,1,2,3,0,32,,espn,2026-10-06T11:06:09Z
espn:401876753,2026-09-11,F2,Ligue 2,Brendan Roffet,Dijon,Laval,3,2,4,0,37,,espn,2026-10-06T11:06:09Z
espn:401876750,2026-09-11,F2,Ligue 2,Antoine Valnet,Montpellier,Pau FC,1,0,5,0,30,,espn,2026-10-06T11:06:09Z
espn:401876747,2026-09-11,F2,Ligue 2,Gabriel Henry,Rodez,Grenoble,0,1,3,0,37,,espn,2026-10-06T11:06:09Z
espn:401876751,2026-09-12,F2,Ligue 2,Pierre Gaillouste,Guingamp,Annecy,2,1,3,0,23,,espn,2026-10-06T11:06:09Z
espn:401876746,2026-09-12,F2,Ligue 2,Azzedine Souifi,Sochaux,Nantes,1,0,4,0,33,,espn,2026-10-06T11:06:09Z
espn:401876752,2026-09-12,F2,Ligue 2,Faouzi Benchabane,Dunkerque,St Etienne,2,1,6,0,35,,espn,2026-10-06T11:06:09Z
espn:401876748,2026-09-14,F2,Ligue 2,Mickael Leleu,Red Star,Metz,1,0,2,0,39,,espn,2026-10-06T11:06:09Z
espn:401876743,2026-09-18,F2,Ligue 2,Antoine Valnet,Grenoble,Clermont,1,1,5,0,28,,espn,2026-10-06T11:06:09Z
espn:401876739,2026-09-18,F2,Ligue 2,Brendan Roffet,Pau FC,Dunkerque,2,0,4,1,31,,espn,2026-10-06T11:06:09Z
espn:401876737,2026-09-18,F2,Ligue 2,Gael Angoula,Rodez,Nancy,3,4,3,0,22,,espn,2026-10-06T11:06:09Z
espn:401876738,2026-09-18,F2,Ligue 2,Remi Landry,Reims,Montpellier,1,1,3,1,28,,espn,2026-10-06T11:06:09Z
espn:401876741,2026-09-18,F2,Ligue 2,Benoit Millot,Laval,Sochaux,1,1,6,0,29,,espn,2026-10-06T11:06:09Z
espn:401876744,2026-09-19,F2,Ligue 2,Karim Abed,Boulogne,Nantes,1,2,3,1,32,,espn,2026-10-06T11:06:09Z
espn:401876742,2026-09-19,F2,Ligue 2,Eddy Rosier,Guingamp,Red Star,1,3,5,1,35,,espn,2026-10-06T11:06:09Z
espn:401876740,2026-09-19,F2,Ligue 2,Tifenn Leprodhomme,Metz,St Etienne,2,2,6,0,35,,espn,2026-10-06T11:06:09Z
espn:401874931,2026-08-22,I1,Serie A,Livio Marinelli,Inter,Monza,4,1,4,0,19,,espn,2026-10-06T11:06:09Z
espn:401874745,2026-08-22,I1,Serie A,Alberto Arena,Udinese,Como,1,1,3,0,24,,espn,2026-10-06T11:06:09Z
espn:401874929,2026-08-22,I1,Serie A,Marco Di Bello,Genoa,Napoli,0,2,3,0,18,,espn,2026-10-06T11:06:09Z
espn:401874747,2026-08-22,I1,Serie A,Daniele Perenzoni,Parma,Cagliari,0,1,2,0,26,,espn,2026-10-06T11:06:09Z
espn:401874930,2026-08-23,I1,Serie A,Giovanni Ayroldi,Frosinone,Juventus,0,1,4,0,33,,espn,2026-10-06T11:06:09Z
espn:401874946,2026-08-23,I1,Serie A,Antonio Rapuano,Venezia,Lecce,0,2,4,0,20,,espn,2026-10-06T11:06:09Z
espn:401874748,2026-08-23,I1,Serie A,Valerio Crezzini,Atalanta,Sassuolo,2,1,0,0,19,,espn,2026-10-06T11:06:09Z
espn:401874932,2026-08-23,I1,Serie A,Luca Zufferli,Torino,Milan,1,2,1,0,19,,espn,2026-10-06T11:06:09Z
espn:401874927,2026-08-24,I1,Serie A,Fabio Maresca,Bologna,Lazio,0,1,8,0,37,,espn,2026-10-06T11:06:09Z
espn:401874928,2026-08-24,I1,Serie A,Matteo Marcenaro,Roma,Fiorentina,4,0,4,0,26,,espn,2026-10-06T11:06:09Z
espn:401874758,2026-08-28,I1,Serie A,Gianluca Manganiello,Milan,Venezia,2,0,4,0,19,,espn,2026-10-06T11:06:09Z
espn:401874942,2026-08-29,I1,Serie A,Giuseppe Collu,Fiorentina,Frosinone,0,3,6,0,35,,espn,2026-10-06T11:06:09Z
espn:401874749,2026-08-29,I1,Serie A,Claudio Giuseppe Allegretta,Monza,Udinese,2,3,1,0,22,,espn,2026-10-06T11:06:09Z
espn:401874743,2026-08-29,I1,Serie A,Davide Di Marco,Sassuolo,Torino,2,1,4,0,21,,espn,2026-10-06T11:06:09Z
espn:401874746,2026-08-29,I1,Serie A,Francesco Fourneau,Juventus,Parma,2,0,5,0,35,,espn,2026-10-06T11:06:09Z
espn:401874755,2026-08-30,I1,Serie A,Luca Pairetto,Napoli,Como,1,2,1,0,14,,espn,2026-10-06T11:06:09Z
espn:401874938,2026-08-30,I1,Serie A,Michael Fabbri,Cagliari,Inter,0,1,3,0,11,,espn,2026-10-06T11:06:09Z
espn:401874742,2026-08-30,I1,Serie A,Ermanno Feliciani,Lazio,Genoa,1,0,3,0,24,,espn,2026-10-06T11:06:09Z
espn:401874945,2026-08-31,I1,Serie A,Daniele Chiffi,Lecce,Roma,0,4,2,0,17,,espn,2026-10-06T11:06:09Z
espn:401874970,2026-08-31,I1,Serie A,Daniele Doveri,Atalanta,Bologna,1,0,1,0,23,,espn,2026-10-06T11:06:09Z
espn:401874744,2026-09-04,I1,Serie A,Marco Guida,Genoa,Como,1,4,3,0,15,,espn,2026-10-06T11:06:09Z
espn:401874939,2026-09-05,I1,Serie A,Davide Massa,Fiorentina,Torino,1,2,0,0,22,,espn,2026-10-06T11:06:09Z
espn:401874937,2026-09-05,I1,Serie A,Simone Sozza,Inter,Napoli,3,2,3,0,14,,espn,2026-10-06T11:06:09Z
espn:401874781,2026-09-05,I1,Serie A,Andrea Colombo,Roma,Atalanta,2,1,1,1,19,,espn,2026-10-06T11:06:09Z
espn:401874768,2026-09-06,I1,Serie A,Mario Perri,Frosinone,Venezia,3,2,6,0,32,,espn,2026-10-06T11:06:09Z
espn:401874987,2026-09-06,I1,Serie A,Federico La Penna,Parma,Monza,1,1,4,0,32,,espn,2026-10-06T11:06:09Z
espn:401874751,2026-09-06,I1,Serie A,Marco Di Bello,Bologna,Sassuolo,2,2,4,0,22,,espn,2026-10-06T11:06:09Z
espn:401874954,2026-09-06,I1,Serie A,Maurizio Mariani,Juventus,Milan,1,1,4,0,21,,espn,2026-10-06T11:06:09Z
espn:401874943,2026-09-07,I1,Serie A,Juan Luca Sacchi,Cagliari,Lecce,1,0,4,0,22,,espn,2026-10-06T11:06:09Z
espn:401874962,2026-09-07,I1,Serie A,Paride Tremolada,Udinese,Lazio,1,2,6,0,22,,espn,2026-10-06T11:06:09Z
espn:401874759,2026-09-11,I1,Serie A,Francesco Fourneau,Venezia,Fiorentina,2,4,3,0,17,,espn,2026-10-06T11:06:09Z
espn:401874991,2026-09-12,I1,Serie A,Antonio Rapuano,Genoa,Frosinone,1,1,4,1,24,,espn,2026-10-06T11:06:09Z
espn:401874941,2026-09-12,I1,Serie A,Matteo Marcenaro,Lazio,Milan,2,2,5,0,29,,espn,2026-10-06T11:06:09Z
espn:401874979,2026-09-12,I1,Serie A,Alberto Arena,Atalanta,Cagliari,1,2,0,0,17,,espn,2026-10-06T11:06:09Z
espn:401874936,2026-09-13,I1,Serie A,Valerio Crezzini,Lecce,Monza,3,2,2,0,27,,espn,2026-10-06T11:06:09Z
espn:401874792,2026-09-13,I1,Serie A,Kevin Bonacina,Napoli,Bologna,1,0,1,0,25,,espn,2026-10-06T11:06:09Z
espn:401874750,2026-09-13,I1,Serie A,Juan Luca Sacchi,Sassuolo,Juventus,3,2,4,0,21,,espn,2026-10-06T11:06:09Z
espn:401874933,2026-09-14,I1,Serie A,Giuseppe Mucera,Como,Parma,2,1,1,0,12,,espn,2026-10-06T11:06:09Z
espn:401874950,2026-09-14,I1,Serie A,Fabio Maresca,Torino,Roma,0,2,2,0,27,,espn,2026-10-06T11:06:09Z
espn:401874966,2026-09-14,I1,Serie A,Luca Pairetto,Inter,Udinese,5,3,2,0,18,,espn,2026-10-06T11:06:09Z
espn:401874756,2026-09-18,I1,Serie A,Daniele Perenzoni,Monza,Sassuolo,2,1,5,0,19,,espn,2026-10-06T11:06:09Z
espn:401874767,2026-09-19,I1,Serie A,Marco Guida,Bologna,Torino,1,1,3,0,30,,espn,2026-10-06T11:06:09Z
espn:401874964,2026-09-19,I1,Serie A,Gianluca Manganiello,Udinese,Cagliari,0,1,2,0,18,,espn,2026-10-06T11:06:09Z
espn:401874753,2026-09-19,I1,Serie A,Davide Massa,Roma,Inter,2,2,6,0,20,,espn,2026-10-06T11:06:09Z
espn:401874956,2026-09-19,I1,Serie A,Simone Sozza,Venezia,Lazio,0,2,6,0,22,,espn,2026-10-06T11:06:09Z
espn:401874934,2026-09-20,I1,Serie A,Daniele Doveri,Fiorentina,Napoli,1,1,3,0,20,,espn,2026-10-06T11:06:09Z
espn:401874752,2026-09-20,I1,Serie A,Daniele Chiffi,Frosinone,Como,2,0,5,0,29,,espn,2026-10-06T11:06:09Z
espn:401874801,2026-09-20,I1,Serie A,Maurizio Mariani,Parma,Genoa,2,1,6,0,31,,espn,2026-10-06T11:06:09Z
espn:401874757,2026-09-20,I1,Serie A,Luca Zufferli,Juventus,Atalanta,2,0,3,0,20,,espn,2026-10-06T11:06:09Z
espn:401874944,2026-09-20,I1,Serie A,Federico La Penna,Milan,Lecce,3,0,1,0,24,,espn,2026-10-06T11:06:09Z
espn:401899653,2026-08-21,I2,Serie B,Federico La Penna,Vicenza,Catanzaro,3,2,5,0,31,,espn,2026-10-06T11:06:09Z
espn:401899657,2026-08-22,I2,Serie B,Andrea Calzavara,Carrarese,Mantova,1,2,2,0,36,,espn,2026-10-06T11:06:09Z
espn:401899650,2026-08-22,I2,Serie B,Maria Ferrieri Caputi,Sudtirol,Virtus Entella,1,0,4,1,33,,espn,2026-10-06T11:06:09Z
espn:401899655,2026-08-22,I2,Serie B,Paride Tremolada,Empoli,Cremonese,1,0,4,1,28,,espn,2026-10-06T11:06:09Z
espn:401899651,2026-08-23,I2,Serie B,Mario Perri,Pisa,Padova,0,1,3,0,25,,espn,2026-10-06T11:06:09Z
espn:401899656,2026-08-23,I2,Serie B,Juan Luca Sacchi,Cesena,Sampdoria,1,1,3,1,26,,espn,2026-10-06T11:06:09Z
espn:401899652,2026-08-23,I2,Serie B,Giuseppe Collu,Palermo,Juve Stabia,1,0,5,0,32,,espn,2026-10-06T11:06:09Z
espn:401899645,2026-08-28,I2,Serie B,Antonio Rapuano,Cremonese,Modena,0,3,3,0,27,,espn,2026-10-06T11:06:09Z
espn:401899641,2026-08-29,I2,Serie B,Giuseppe Mucera,Sampdoria,Juve Stabia,1,2,4,0,18,,espn,2026-10-06T11:06:09Z
espn:401899640,2026-08-29,I2,Serie B,Daniele Perenzoni,Virtus Entella,Cesena,1,2,3,0,25,,espn,2026-10-06T11:06:09Z
espn:401899648,2026-08-29,I2,Serie B,Andrea Zanotti,Ascoli,Carrarese,1,1,7,0,23,,espn,2026-10-06T11:06:09Z
espn:401899643,2026-08-29,I2,Serie B,Fabio Maresca,Padova,Verona,1,1,5,0,30,,espn,2026-10-06T11:06:09Z
espn:401899647,2026-08-29,I2,Serie B,Valerio Crezzini,Avellino,Vicenza,3,0,7,0,30,,espn,2026-10-06T11:06:09Z
espn:401899649,2026-08-30,I2,Serie B,Livio Marinelli,Arezzo,Palermo,2,3,3,0,26,,espn,2026-10-06T11:06:09Z
espn:401899644,2026-08-30,I2,Serie B,Andrea Colombo,Mantova,Empoli,3,1,8,0,33,,espn,2026-10-06T11:06:09Z
espn:401899646,2026-08-30,I2,Serie B,Mario Perri,Benevento,Sudtirol,1,1,2,0,28,,espn,2026-10-06T11:06:09Z
espn:401899642,2026-08-30,I2,Serie B,Alberto Arena,Pisa,Catanzaro,2,1,5,0,27,,espn,2026-10-06T11:06:09Z
espn:401899639,2026-09-05,I2,Serie B,Giovanni Ayroldi,Ascoli,Benevento,1,0,6,1,19,,espn,2026-10-06T11:06:09Z
espn:401899638,2026-09-05,I2,Serie B,Giuseppe Mucera,Carrarese,Empoli,0,1,2,0,22,,espn,2026-10-06T11:06:09Z
espn:401899634,2026-09-06,I2,Serie B,Andrea Calzavara,Juve Stabia,Pisa,0,3,4,0,33,,espn,2026-10-06T11:06:09Z
espn:401899630,2026-09-06,I2,Serie B,Kevin Bonacina,Virtus Entella,Vicenza,2,2,5,0,30,,espn,2026-10-06T11:06:09Z
espn:401899635,2026-09-06,I2,Serie B,Luca Zufferli,Verona,Arezzo,5,0,3,1,29,,espn,2026-10-06T11:06:09Z
espn:401899636,2026-09-06,I2,Serie B,Gianluca Manganiello,Cremonese,Padova,3,1,0,0,14,,espn,2026-10-06T11:06:09Z
espn:401899632,2026-09-07,I2,Serie B,Matteo Marchetti,Palermo,Sampdoria,3,1,5,0,24,,espn,2026-10-06T11:06:09Z
espn:401899625,2026-09-11,I2,Serie B,Michael Fabbri,Empoli,Arezzo,0,1,2,1,31,,espn,2026-10-06T11:06:09Z
espn:401899628,2026-09-11,I2,Serie B,Livio Marinelli,Benevento,Verona,3,1,7,0,22,,espn,2026-10-06T11:06:09Z
espn:401899621,2026-09-11,I2,Serie B,Ermanno Feliciani,Pisa,Virtus Entella,1,4,3,1,23,,espn,2026-10-06T11:06:09Z
espn:401899622,2026-09-12,I2,Serie B,Giuseppe Collu,Padova,Ascoli,1,0,6,0,34,,espn,2026-10-06T11:06:09Z
espn:401899620,2026-09-12,I2,Serie B,Paride Tremolada,Sudtirol,Modena,1,1,4,0,30,,espn,2026-10-06T11:06:09Z
espn:401899624,2026-09-12,I2,Serie B,Rosario Abisso,Vicenza,Juve Stabia,1,1,2,0,34,,espn,2026-10-06T11:06:09Z
espn:401899627,2026-09-12,I2,Serie B,Davide Di Marco,Catanzaro,Carrarese,1,0,4,0,26,,espn,2026-10-06T11:06:09Z
espn:401899626,2026-09-12,I2,Serie B,Claudio Giuseppe Allegretta,Cesena,Cremonese,2,2,5,0,18,,espn,2026-10-06T11:06:09Z
espn:401899623,2026-09-13,I2,Serie B,Daniele Chiffi,Mantova,Sampdoria,2,0,3,0,22,,espn,2026-10-06T11:06:09Z
espn:401899629,2026-09-13,I2,Serie B,Daniele Doveri,Avellino,Palermo,1,1,3,0,17,,espn,2026-10-06T11:06:09Z
espn:401899614,2026-09-18,I2,Serie B,Mario Perri,Juve Stabia,Cesena,1,1,2,0,32,,espn,2026-10-06T11:06:09Z
espn:401899617,2026-09-19,I2,Serie B,Rosario Abisso,Carrarese,Benevento,0,1,4,0,25,,espn,2026-10-06T11:06:09Z
espn:401899611,2026-09-19,I2,Serie B,Marco Di Bello,Palermo,Padova,2,1,3,1,22,,espn,2026-10-06T11:06:09Z
espn:401899610,2026-09-19,I2,Serie B,Giovanni Ayroldi,Sampdoria,Catanzaro,2,1,7,1,26,,espn,2026-10-06T11:06:09Z
espn:401899618,2026-09-19,I2,Serie B,Matteo Marchetti,Ascoli,Avellino,3,1,4,0,24,,espn,2026-10-06T11:06:09Z
espn:401899615,2026-09-20,I2,Serie B,Andrea Colombo,Verona,Vicenza,2,1,6,0,26,,espn,2026-10-06T11:06:09Z
espn:401899613,2026-09-20,I2,Serie B,Simone Galipò,Mantova,Pisa,2,2,7,0,26,,espn,2026-10-06T11:06:09Z
espn:401899612,2026-09-20,I2,Serie B,Andrea Calzavara,Modena,Empoli,2,1,4,0,22,,espn,2026-10-06T11:06:09Z
espn:401875655,2026-08-07,N1,Eredivisie,Allard Lindhout,Cambuur,Excelsior,0,4,0,0,17,,espn,2026-10-06T11:06:09Z
espn:401875654,2026-08-08,N1,Eredivisie,Martijn Vos,Nijmegen,Telstar,1,2,4,0,26,,espn,2026-10-06T11:06:09Z
espn:401875653,2026-08-08,N1,Eredivisie,Robin Hensgens,Go Ahead Eagles,Willem II,4,1,3,0,20,,espn,2026-10-06T11:06:09Z
espn:401875652,2026-08-08,N1,Eredivisie,Alex Bos,PSV Eindhoven,For Sittard,2,2,2,0,15,,espn,2026-10-06T11:06:09Z
espn:401875651,2026-08-08,N1,Eredivisie,Erwin Blank,AZ Alkmaar,Den Haag,2,0,1,0,23,,espn,2026-10-06T11:06:09Z
espn:401875650,2026-08-09,N1,Eredivisie,Sander Van Der Eijk,Sparta Rotterdam,Feyenoord,0,1,4,0,19,,espn,2026-10-06T11:06:09Z
espn:401875649,2026-08-09,N1,Eredivisie,Joey Kooij,Groningen,Utrecht,2,1,2,0,29,,espn,2026-10-06T11:06:09Z
espn:401875648,2026-08-09,N1,Eredivisie,Jannick Van Der Laan,Zwolle,Ajax,0,2,4,1,22,,espn,2026-10-06T11:06:09Z
espn:401875647,2026-08-09,N1,Eredivisie,Marc Nagtegaal,Heerenveen,Twente,1,0,3,0,14,,espn,2026-10-06T11:06:09Z
espn:401875646,2026-08-14,N1,Eredivisie,Ingmar Oostrom,Telstar,Sparta Rotterdam,1,3,2,0,30,,espn,2026-10-06T11:06:09Z
espn:401875645,2026-08-15,N1,Eredivisie,Serdar Gözübüyük,Willem II,Nijmegen,1,4,1,0,24,,espn,2026-10-06T11:06:09Z
espn:401875644,2026-08-15,N1,Eredivisie,Danny Makkelie,Utrecht,AZ Alkmaar,1,4,6,0,37,,espn,2026-10-06T11:06:09Z
espn:401875643,2026-08-15,N1,Eredivisie,Marc Nagtegaal,Excelsior,PSV Eindhoven,1,2,1,0,12,,espn,2026-10-06T11:06:09Z
espn:401875642,2026-08-15,N1,Eredivisie,Martin van den Kerkhof,For Sittard,Cambuur,3,1,2,0,19,,espn,2026-10-06T11:06:09Z
espn:401875641,2026-08-16,N1,Eredivisie,Jeroen Manschot,Den Haag,Groningen,1,4,1,0,22,,espn,2026-10-06T11:06:09Z
espn:401875639,2026-08-16,N1,Eredivisie,Allard Lindhout,Twente,Zwolle,3,1,0,0,17,,espn,2026-10-06T11:06:09Z
espn:401875640,2026-08-16,N1,Eredivisie,Joey Kooij,Feyenoord,Go Ahead Eagles,2,2,0,0,11,,espn,2026-10-06T11:06:09Z
espn:401875638,2026-08-16,N1,Eredivisie,Alex Bos,Ajax,Heerenveen,2,2,4,0,18,,espn,2026-10-06T11:06:09Z
espn:401875637,2026-08-22,N1,Eredivisie,Serdar Gözübüyük,For Sittard,AZ Alkmaar,0,2,1,1,20,,espn,2026-10-06T11:06:09Z
espn:401875635,2026-08-22,N1,Eredivisie,Dennis Higler,Sparta Rotterdam,Utrecht,3,3,0,0,23,,espn,2026-10-06T11:06:09Z
espn:401875634,2026-08-22,N1,Eredivisie,Richard Martens,Heerenveen,Zwolle,0,2,3,0,19,,espn,2026-10-06T11:06:09Z
espn:401875633,2026-08-23,N1,Eredivisie,Sander Van Der Eijk,Go Ahead Eagles,Den Haag,3,1,3,0,23,,espn,2026-10-06T11:06:09Z
espn:401875632,2026-08-23,N1,Eredivisie,Allard Lindhout,PSV Eindhoven,Groningen,5,1,2,0,14,,espn,2026-10-06T11:06:09Z
espn:401875631,2026-08-23,N1,Eredivisie,Danny Makkelie,Cambuur,Feyenoord,2,5,1,0,27,,espn,2026-10-06T11:06:09Z
espn:401875630,2026-08-28,N1,Eredivisie,Martijn Vos,Groningen,For Sittard,2,3,7,0,16,,espn,2026-10-06T11:06:09Z
espn:401875629,2026-08-29,N1,Eredivisie,Serdar Gözübüyük,Excelsior,Sparta Rotterdam,2,1,3,0,20,,espn,2026-10-06T11:06:09Z
espn:401875628,2026-08-29,N1,Eredivisie,Alex Bos,AZ Alkmaar,Go Ahead Eagles,5,2,0,0,15,,espn,2026-10-06T11:06:09Z
espn:401875627,2026-08-29,N1,Eredivisie,Joey Kooij,Zwolle,Nijmegen,1,3,4,0,29,,espn,2026-10-06T11:06:09Z
espn:401875626,2026-08-30,N1,Eredivisie,Jeroen Manschot,Utrecht,PSV Eindhoven,1,6,6,0,29,,espn,2026-10-06T11:06:09Z
espn:401875624,2026-08-30,N1,Eredivisie,Robin Hensgens,Feyenoord,Den Haag,2,2,3,0,14,,espn,2026-10-06T11:06:09Z
espn:401875625,2026-08-30,N1,Eredivisie,Jannick Van Der Laan,Willem II,Heerenveen,2,2,0,0,14,,espn,2026-10-06T11:06:09Z
espn:401875623,2026-08-30,N1,Eredivisie,Dennis Higler,Telstar,Ajax,0,4,0,0,24,,espn,2026-10-06T11:06:09Z
espn:401875622,2026-08-30,N1,Eredivisie,Erwin Blank,Cambuur,Twente,1,4,2,0,20,,espn,2026-10-06T11:06:09Z
espn:401875621,2026-09-04,N1,Eredivisie,Stan Teuben,Sparta Rotterdam,Zwolle,2,2,2,0,23,,espn,2026-10-06T11:06:09Z
espn:401875620,2026-09-05,N1,Eredivisie,Allard Lindhout,Nijmegen,Feyenoord,1,3,3,0,24,,espn,2026-10-06T11:06:09Z
espn:401875618,2026-09-05,N1,Eredivisie,Sander Van Der Eijk,Ajax,PSV Eindhoven,1,3,9,0,19,,espn,2026-10-06T11:06:09Z
espn:401875617,2026-09-05,N1,Eredivisie,Robin Hensgens,Willem II,Excelsior,0,3,3,0,24,,espn,2026-10-06T11:06:09Z
espn:401875616,2026-09-06,N1,Eredivisie,Danny Makkelie,Groningen,Twente,2,2,2,0,14,,espn,2026-10-06T11:06:09Z
espn:401875615,2026-09-06,N1,Eredivisie,Jeroen Manschot,Heerenveen,AZ Alkmaar,2,3,3,0,21,,espn,2026-10-06T11:06:09Z
espn:401875614,2026-09-06,N1,Eredivisie,Joey Kooij,Telstar,Cambuur,2,2,7,1,27,,espn,2026-10-06T11:06:09Z
espn:401875613,2026-09-06,N1,Eredivisie,Ingmar Oostrom,Den Haag,For Sittard,2,3,4,0,33,,espn,2026-10-06T11:06:09Z
espn:401875619,2026-09-08,N1,Eredivisie,Martin van den Kerkhof,Utrecht,Go Ahead Eagles,3,3,3,0,24,,espn,2026-10-06T11:06:09Z
espn:401875636,2026-09-08,N1,Eredivisie,Erwin Blank,Nijmegen,Excelsior,2,2,4,0,21,,espn,2026-10-06T11:06:09Z
espn:401875612,2026-09-09,N1,Eredivisie,Richard Martens,Twente,Telstar,1,0,4,0,21,,espn,2026-10-06T11:06:09Z
espn:401875611,2026-09-11,N1,Eredivisie,Martin van den Kerkhof,AZ Alkmaar,Willem II,1,1,1,0,15,,espn,2026-10-06T11:06:09Z
espn:401875610,2026-09-12,N1,Eredivisie,Jannick Van Der Laan,Twente,Den Haag,2,0,4,0,21,,espn,2026-10-06T11:06:09Z
espn:401875609,2026-09-12,N1,Eredivisie,Dennis Higler,Go Ahead Eagles,Groningen,1,1,1,0,18,,espn,2026-10-06T11:06:09Z
espn:401875608,2026-09-12,N1,Eredivisie,Jeroen Manschot,For Sittard,Ajax,1,5,6,0,17,,espn,2026-10-06T11:06:09Z
espn:401875604,2026-09-12,N1,Eredivisie,Ingmar Oostrom,Cambuur,Nijmegen,3,0,6,0,34,,espn,2026-10-06T11:06:09Z
espn:401875606,2026-09-13,N1,Eredivisie,Sander Van Der Eijk,Excelsior,Utrecht,1,2,2,0,17,,espn,2026-10-06T11:06:09Z
espn:401875607,2026-09-13,N1,Eredivisie,Serdar Gözübüyük,Heerenveen,Telstar,0,0,2,0,21,,espn,2026-10-06T11:06:09Z
espn:401875603,2026-09-13,N1,Eredivisie,Alex Bos,Zwolle,Feyenoord,0,7,0,0,17,,espn,2026-10-06T11:06:09Z
espn:401875605,2026-09-13,N1,Eredivisie,Danny Makkelie,PSV Eindhoven,Sparta Rotterdam,4,1,2,0,9,,espn,2026-10-06T11:06:09Z
espn:401875602,2026-09-15,N1,Eredivisie,Allard Lindhout,Ajax,Willem II,5,1,0,0,9,,espn,2026-10-06T11:06:09Z
espn:401875599,2026-09-18,N1,Eredivisie,Martin van den Kerkhof,Groningen,Zwolle,3,0,2,0,18,,espn,2026-10-06T11:06:09Z
espn:401875600,2026-09-19,N1,Eredivisie,Allard Lindhout,Den Haag,Cambuur,1,1,5,0,36,,espn,2026-10-06T11:06:09Z
espn:401875601,2026-09-19,N1,Eredivisie,Ingmar Oostrom,Sparta Rotterdam,Heerenveen,0,4,2,0,20,,espn,2026-10-06T11:06:09Z
espn:401875598,2026-09-19,N1,Eredivisie,Jannick Van Der Laan,Ajax,Excelsior,2,2,3,0,18,,espn,2026-10-06T11:06:09Z
espn:401875597,2026-09-19,N1,Eredivisie,Dennis Higler,Willem II,For Sittard,0,1,4,0,19,,espn,2026-10-06T11:06:09Z
espn:401875596,2026-09-20,N1,Eredivisie,Joey Kooij,Feyenoord,Utrecht,5,0,4,0,34,,espn,2026-10-06T11:06:09Z
espn:401875595,2026-09-20,N1,Eredivisie,Sander Van Der Eijk,AZ Alkmaar,Telstar,1,0,2,0,27,,espn,2026-10-06T11:06:09Z
espn:401875593,2026-09-20,N1,Eredivisie,Serdar Gözübüyük,Twente,PSV Eindhoven,3,2,3,0,22,,espn,2026-10-06T11:06:09Z
espn:401875594,2026-09-20,N1,Eredivisie,Martijn Vos,Nijmegen,Go Ahead Eagles,1,1,2,0,14,,espn,2026-10-06T11:06:09Z
espn:401882926,2026-08-15,SP1,La Liga,Manuel Jesús Orellana Cid,Alaves,Getafe,3,0,7,1,29,,espn,2026-10-06T11:06:09Z
espn:401882918,2026-08-15,SP1,La Liga,Ricardo de Burgos Bengoetxea,Sevilla,Vallecano,2,1,8,1,36,,espn,2026-10-06T11:06:09Z
espn:401882920,2026-08-16,SP1,La Liga,Miguel Sesma Espinosa,Santander,Villarreal,2,2,6,0,28,,espn,2026-10-06T11:06:09Z
espn:401882922,2026-08-16,SP1,La Liga,Carlos Muñiz Muñoz,Espanol,Levante,3,0,3,0,24,,espn,2026-10-06T11:06:09Z
espn:401882923,2026-08-17,SP1,La Liga,Francisco José Hernández Maeso,Dep. A Coruna,Elche,1,1,4,0,29,,espn,2026-10-06T11:06:09Z
espn:401882925,2026-08-19,SP1,La Liga,Adrián Cordero Vega,Ath Madrid,Malaga,2,0,5,0,28,,espn,2026-10-06T11:06:09Z
espn:401882908,2026-08-20,SP1,La Liga,José Luis Munuera Montero,Vallecano,Alaves,1,1,3,0,27,,espn,2026-10-06T11:06:09Z
espn:401882914,2026-08-21,SP1,La Liga,Isidro Díaz De Mera Escuderos,Betis,Sociedad,1,0,6,0,21,,espn,2026-10-06T11:06:09Z
espn:401882916,2026-08-22,SP1,La Liga,César Soto Grado,Athletic Club,Sevilla,1,3,7,1,27,,espn,2026-10-06T11:06:09Z
espn:401882907,2026-08-22,SP1,La Liga,Jesús Gil Manzano,Valencia,Celta,0,0,5,0,34,,espn,2026-10-06T11:06:09Z
espn:401882912,2026-08-22,SP1,La Liga,José María Sánchez Martínez,Espanol,Real Madrid,1,2,6,0,26,,espn,2026-10-06T11:06:09Z
espn:401882915,2026-08-23,SP1,La Liga,Alejandro José Hernández Hernández,Ath Madrid,Villarreal,2,2,5,1,25,,espn,2026-10-06T11:06:09Z
espn:401882911,2026-08-23,SP1,La Liga,Juan Martínez Munuera,Getafe,Santander,1,0,4,0,31,,espn,2026-10-06T11:06:09Z
espn:401882913,2026-08-23,SP1,La Liga,Alejandro Quintero González,Elche,Barcelona,0,5,1,0,25,,espn,2026-10-06T11:06:09Z
espn:401882909,2026-08-24,SP1,La Liga,Victor García Verdura,Osasuna,Levante,0,0,3,0,21,,espn,2026-10-06T11:06:09Z
espn:401882910,2026-08-24,SP1,La Liga,Javier Alberola Rojas,Malaga,Dep. A Coruna,1,1,5,0,24,,espn,2026-10-06T11:06:09Z
espn:401882917,2026-08-25,SP1,La Liga,Jon Ander González Esteban,Valencia,Betis,0,1,3,0,21,,espn,2026-10-06T11:06:09Z
espn:401882919,2026-08-26,SP1,La Liga,Mateo Busquets Ferrer,Real Madrid,Sociedad,4,1,6,0,18,,espn,2026-10-06T11:06:09Z
espn:401882924,2026-08-27,SP1,La Liga,Miguel Sesma Espinosa,Celta,Osasuna,1,2,1,1,23,,espn,2026-10-06T11:06:09Z
espn:401882921,2026-08-27,SP1,La Liga,Miguel Ángel Ortiz Arias,Barcelona,Athletic Club,2,0,3,0,19,,espn,2026-10-06T11:06:09Z
espn:401882900,2026-08-28,SP1,La Liga,Carlos Muñiz Muñoz,Santander,Elche,3,2,3,0,36,,espn,2026-10-06T11:06:09Z
espn:401882906,2026-08-28,SP1,La Liga,Isidro Díaz De Mera Escuderos,Alaves,Villarreal,1,0,5,0,23,,espn,2026-10-06T11:06:09Z
espn:401882902,2026-08-29,SP1,La Liga,Ricardo de Burgos Bengoetxea,Levante,Betis,5,2,2,0,16,,espn,2026-10-06T11:06:09Z
espn:401882898,2026-08-29,SP1,La Liga,Manuel Jesús Orellana Cid,Sociedad,Espanol,2,1,6,0,33,,espn,2026-10-06T11:06:09Z
espn:401882897,2026-08-29,SP1,La Liga,Javier Alberola Rojas,Sevilla,Ath Madrid,1,3,4,0,36,,espn,2026-10-06T11:06:09Z
espn:401882899,2026-08-30,SP1,La Liga,Juan Martínez Munuera,Real Madrid,Malaga,4,0,2,0,15,,espn,2026-10-06T11:06:09Z
espn:401882904,2026-08-30,SP1,La Liga,Miguel Ángel Ortiz Arias,Dep. A Coruna,Valencia,3,1,2,1,19,,espn,2026-10-06T11:06:09Z
espn:401882905,2026-08-30,SP1,La Liga,Mateo Busquets Ferrer,Celta,Athletic Club,0,2,3,0,25,,espn,2026-10-06T11:06:09Z
espn:401882901,2026-08-31,SP1,La Liga,Jon Ander González Esteban,Osasuna,Getafe,1,0,9,0,31,,espn,2026-10-06T11:06:09Z
espn:401882903,2026-08-31,SP1,La Liga,Francisco José Hernández Maeso,Barcelona,Vallecano,5,2,1,0,15,,espn,2026-10-06T11:06:09Z
espn:401882867,2026-09-03,SP1,La Liga,Victor García Verdura,Sociedad,Celta,0,0,5,0,26,,espn,2026-10-06T11:06:09Z
espn:401882894,2026-09-04,SP1,La Liga,Alejandro José Hernández Hernández,Betis,Real Madrid,1,0,7,0,24,,espn,2026-10-06T11:06:09Z
espn:401882895,2026-09-05,SP1,La Liga,José Luis Munuera Montero,Athletic Club,Ath Madrid,3,0,1,0,14,,espn,2026-10-06T11:06:09Z
espn:401882889,2026-09-05,SP1,La Liga,Alejandro Quintero González,Vallecano,Santander,3,2,5,2,27,,espn,2026-10-06T11:06:09Z
espn:401882887,2026-09-05,SP1,La Liga,Jesús Gil Manzano,Villarreal,Dep. A Coruna,2,3,4,0,28,,espn,2026-10-06T11:06:09Z
espn:401882888,2026-09-06,SP1,La Liga,Isidro Díaz De Mera Escuderos,Valencia,Barcelona,0,5,4,0,13,,espn,2026-10-06T11:06:09Z
espn:401882896,2026-09-06,SP1,La Liga,José María Sánchez Martínez,Alaves,Osasuna,5,2,3,0,27,,espn,2026-10-06T11:06:09Z
espn:401882890,2026-09-06,SP1,La Liga,Luis Bestard Servera,Malaga,Levante,0,0,6,0,26,,espn,2026-10-06T11:06:09Z
espn:401882892,2026-09-06,SP1,La Liga,Miguel Sesma Espinosa,Espanol,Sevilla,1,1,5,1,30,,espn,2026-10-06T11:06:09Z
espn:401882891,2026-09-07,SP1,La Liga,César Soto Grado,Getafe,Celta,1,1,5,1,17,,espn,2026-10-06T11:06:09Z
espn:401882893,2026-09-07,SP1,La Liga,Miguel Ángel Ortiz Arias,Elche,Sociedad,2,3,5,1,17,,espn,2026-10-06T11:06:09Z
espn:401882878,2026-09-11,SP1,La Liga,Mateo Busquets Ferrer,Sevilla,Valencia,1,0,3,0,20,,espn,2026-10-06T11:06:09Z
espn:401882881,2026-09-12,SP1,La Liga,Javier Alberola Rojas,Santander,Alaves,2,1,5,1,33,,espn,2026-10-06T11:06:09Z
espn:401882882,2026-09-12,SP1,La Liga,Luis Bestard Servera,Osasuna,Espanol,0,2,5,0,34,,espn,2026-10-06T11:06:09Z
espn:401882886,2026-09-12,SP1,La Liga,Manuel Jesús Orellana Cid,Athletic Club,Elche,1,1,6,0,23,,espn,2026-10-06T11:06:09Z
espn:401882880,2026-09-12,SP1,La Liga,Victor García Verdura,Real Madrid,Vallecano,4,1,1,0,22,,espn,2026-10-06T11:06:09Z
espn:401882885,2026-09-13,SP1,La Liga,Carlos Muñiz Muñoz,Celta,Malaga,1,1,2,0,20,,espn,2026-10-06T11:06:09Z
espn:401882883,2026-09-13,SP1,La Liga,Jon Ander González Esteban,Levante,Barcelona,2,4,2,0,22,,espn,2026-10-06T11:06:09Z
espn:401882884,2026-09-13,SP1,La Liga,Ricardo de Burgos Bengoetxea,Getafe,Dep. A Coruna,1,1,4,0,23,,espn,2026-10-06T11:06:09Z
espn:401882879,2026-09-13,SP1,La Liga,Juan Martínez Munuera,Sociedad,Ath Madrid,0,3,3,0,22,,espn,2026-10-06T11:06:09Z
espn:401882877,2026-09-14,SP1,La Liga,Francisco José Hernández Maeso,Villarreal,Betis,1,2,1,0,15,,espn,2026-10-06T11:06:09Z
espn:401882868,2026-09-15,SP1,La Liga,Isidro Díaz De Mera Escuderos,Vallecano,Espanol,2,1,6,1,25,,espn,2026-10-06T11:06:09Z
espn:401882876,2026-09-15,SP1,La Liga,Miguel Sesma Espinosa,Alaves,Valencia,0,1,5,0,21,,espn,2026-10-06T11:06:09Z
espn:401882872,2026-09-15,SP1,La Liga,Jesús Gil Manzano,Elche,Real Madrid,2,3,6,0,29,,espn,2026-10-06T11:06:09Z
espn:401882875,2026-09-16,SP1,La Liga,Francisco José Hernández Maeso,Ath Madrid,Osasuna,4,0,3,0,19,,espn,2026-10-06T11:06:09Z
espn:401882873,2026-09-16,SP1,La Liga,Alejandro José Hernández Hernández,Dep. A Coruna,Sevilla,0,1,5,1,31,,espn,2026-10-06T11:06:09Z
espn:401882871,2026-09-16,SP1,La Liga,José Luis Munuera Montero,Barcelona,Santander,7,2,5,0,23,,espn,2026-10-06T11:06:09Z
espn:401882874,2026-09-17,SP1,La Liga,José María Sánchez Martínez,Betis,Getafe,1,0,5,1,37,,espn,2026-10-06T11:06:09Z
espn:401882862,2026-09-18,SP1,La Liga,Jon Ander González Esteban,Espanol,Elche,1,3,4,1,23,,espn,2026-10-06T11:06:09Z
espn:401882860,2026-09-19,SP1,La Liga,Manuel Jesús Orellana Cid,Osasuna,Vallecano,1,1,5,0,34,,espn,2026-10-06T11:06:09Z
espn:401882866,2026-09-19,SP1,La Liga,Victor García Verdura,Athletic Club,Alaves,0,0,2,0,27,,espn,2026-10-06T11:06:09Z
espn:401882864,2026-09-19,SP1,La Liga,Ricardo de Burgos Bengoetxea,Celta,Santander,5,0,7,0,24,,espn,2026-10-06T11:06:09Z
espn:401882859,2026-09-19,SP1,La Liga,Juan Martínez Munuera,Sevilla,Barcelona,1,3,1,0,21,,espn,2026-10-06T11:06:09Z
espn:401882861,2026-09-20,SP1,La Liga,Javier Alberola Rojas,Getafe,Malaga,1,0,6,0,32,,espn,2026-10-06T11:06:09Z
espn:401882865,2026-09-20,SP1,La Liga,Miguel Ángel Ortiz Arias,Ath Madrid,Real Madrid,2,1,4,1,25,,espn,2026-10-06T11:06:09Z
espn:401882863,2026-09-20,SP1,La Liga,César Soto Grado,Dep. A Coruna,Betis,1,1,2,0,15,,espn,2026-10-06T11:06:09Z
espn:401882857,2026-09-20,SP1,La Liga,Mateo Busquets Ferrer,Villarreal,Levante,3,1,2,0,19,,espn,2026-10-06T11:06:09Z
espn:401882858,2026-09-20,SP1,La Liga,José Luis Munuera Montero,Valencia,Sociedad,2,3,4,1,21,,espn,2026-10-06T11:06:09Z
espn:401883226,2026-08-14,SP2,Segunda División,Eder Mallo Fernández,Sociedad B,Castellon,0,1,6,0,43,,espn,2026-10-06T11:06:09Z
espn:401883260,2026-08-15,SP2,Segunda División,Rafael Sánchez López,Andorra,Ceuta,5,1,4,0,30,,espn,2026-10-06T11:06:09Z
espn:401883318,2026-08-15,SP2,Segunda División,Dámaso Arcediano Monescillo,Cadiz,Celta B,0,0,7,0,35,,espn,2026-10-06T11:06:09Z
espn:401883227,2026-08-15,SP2,Segunda División,Manuel Ángel Pérez Hernández,Oviedo,Granada,0,0,5,0,30,,espn,2026-10-06T11:06:09Z
espn:401883258,2026-08-15,SP2,Segunda División,Andrés Fuentes Molina,Mallorca,Valladolid,2,0,4,0,26,,espn,2026-10-06T11:06:09Z
espn:401883229,2026-08-16,SP2,Segunda División,José Luis Guzmán Mansilla,Eibar,Tenerife,1,3,1,0,26,,espn,2026-10-06T11:06:09Z
espn:401883230,2026-08-16,SP2,Segunda División,Daniel Miranda Bolaño,Burgos,Cordoba,3,2,4,0,25,,espn,2026-10-06T11:06:09Z
espn:401883259,2026-08-16,SP2,Segunda División,Iosu Galech Apezteguía,Girona,Leganes,1,1,5,0,22,,espn,2026-10-06T11:06:09Z
espn:401883228,2026-08-16,SP2,Segunda División,Olatz Rivera Olmedo,Las Palmas,Albacete,2,1,3,0,22,,espn,2026-10-06T11:06:09Z
espn:401883257,2026-08-17,SP2,Segunda División,Abraham Domínguez Cervantes,Sp Gijon,Sabadell,0,0,4,0,27,,espn,2026-10-06T11:06:09Z
espn:401883231,2026-08-17,SP2,Segunda División,Alejandro Ojaos Valera,Almeria,Eldense,3,0,4,0,19,,espn,2026-10-06T11:06:09Z
espn:401883224,2026-08-21,SP2,Segunda División,Germán Cid Camacho,Cordoba,Girona,2,1,9,0,33,,espn,2026-10-06T11:06:09Z
espn:401883251,2026-08-22,SP2,Segunda División,Gorka Etayo Herrera,Oviedo,Leganes,0,1,3,1,23,,espn,2026-10-06T11:06:09Z
espn:401883256,2026-08-22,SP2,Segunda División,Salvador Lax Franco,Albacete,Sociedad B,1,2,3,0,18,,espn,2026-10-06T11:06:09Z
espn:401883225,2026-08-22,SP2,Segunda División,Pablo Morales Moreno,Ceuta,Las Palmas,0,2,2,0,33,,espn,2026-10-06T11:06:09Z
espn:401883253,2026-08-22,SP2,Segunda División,Daniel Palencia Caballero,Eldense,Cadiz,2,2,5,0,27,,espn,2026-10-06T11:06:09Z
espn:401883255,2026-08-23,SP2,Segunda División,Marta Huerta De Aza,Castellon,Sabadell,0,0,7,0,22,,espn,2026-10-06T11:06:09Z
espn:401883250,2026-08-23,SP2,Segunda División,Gonzalo Romero Freixas,Sp Gijon,Burgos,1,0,2,0,27,,espn,2026-10-06T11:06:09Z
espn:401883249,2026-08-23,SP2,Segunda División,Alejandro Morilla Turrión,Tenerife,Almeria,1,0,2,0,22,,espn,2026-10-06T11:06:09Z
espn:401883317,2026-08-24,SP2,Segunda División,José Antonio Sánchez Villalobos,Celta B,Andorra,4,2,7,0,31,,espn,2026-10-06T11:06:09Z
espn:401883252,2026-08-24,SP2,Segunda División,Saúl Ais Reig,Granada,Mallorca,2,0,4,0,22,,espn,2026-10-06T11:06:09Z
espn:401883242,2026-08-28,SP2,Segunda División,Daniel Miranda Bolaño,Tenerife,Sp Gijon,0,1,6,0,27,,espn,2026-10-06T11:06:09Z
espn:401883243,2026-08-29,SP2,Segunda División,Manuel Ángel Pérez Hernández,Sabadell,Almeria,1,0,7,0,25,,espn,2026-10-06T11:06:09Z
espn:401883248,2026-08-29,SP2,Segunda División,Eder Mallo Fernández,Albacete,Oviedo,0,1,6,0,24,,espn,2026-10-06T11:06:09Z
espn:401883245,2026-08-29,SP2,Segunda División,José Luis Guzmán Mansilla,Leganes,Eldense,1,0,1,0,23,,espn,2026-10-06T11:06:09Z
espn:401883246,2026-08-29,SP2,Segunda División,Andrés Fuentes Molina,Girona,Las Palmas,5,2,4,1,30,,espn,2026-10-06T11:06:09Z
espn:401883223,2026-08-30,SP2,Segunda División,Alejandro Ojaos Valera,Andorra,Eibar,0,1,1,1,16,,espn,2026-10-06T11:06:09Z
espn:401883222,2026-08-30,SP2,Segunda División,Rafael Sánchez López,Cadiz,Valladolid,1,1,8,0,28,,espn,2026-10-06T11:06:09Z
espn:401883244,2026-08-30,SP2,Segunda División,Abraham Domínguez Cervantes,Mallorca,Ceuta,3,0,5,0,25,,espn,2026-10-06T11:06:09Z
espn:401883221,2026-08-30,SP2,Segunda División,Dámaso Arcediano Monescillo,Cordoba,Granada,1,3,2,0,39,,espn,2026-10-06T11:06:09Z
espn:401883247,2026-08-31,SP2,Segunda División,Iosu Galech Apezteguía,Burgos,Sociedad B,2,2,3,0,31,,espn,2026-10-06T11:06:09Z
espn:401883316,2026-08-31,SP2,Segunda División,Olatz Rivera Olmedo,Celta B,Castellon,1,2,4,0,21,,espn,2026-10-06T11:06:09Z
espn:401883176,2026-09-04,SP2,Segunda División,Rafael Sánchez López,Las Palmas,Leganes,0,0,5,0,27,,espn,2026-10-06T11:06:09Z
espn:401883217,2026-09-05,SP2,Segunda División,Abraham Domínguez Cervantes,Sociedad B,Tenerife,1,1,6,0,25,,espn,2026-10-06T11:06:09Z
espn:401883175,2026-09-05,SP2,Segunda División,Salvador Lax Franco,Sp Gijon,Girona,0,2,4,0,19,,espn,2026-10-06T11:06:09Z
espn:401883315,2026-09-05,SP2,Segunda División,Daniel Palencia Caballero,Ceuta,Celta B,0,2,7,1,41,,espn,2026-10-06T11:06:09Z
espn:401883174,2026-09-05,SP2,Segunda División,Alejandro Morilla Turrión,Valladolid,Andorra,1,0,6,1,35,,espn,2026-10-06T11:06:09Z
espn:401883219,2026-09-05,SP2,Segunda División,Pablo Morales Moreno,Eldense,Mallorca,0,0,4,0,26,,espn,2026-10-06T11:06:09Z
espn:401883220,2026-09-06,SP2,Segunda División,Gonzalo Romero Freixas,Eibar,Granada,3,0,6,1,23,,espn,2026-10-06T11:06:09Z
espn:401883218,2026-09-06,SP2,Segunda División,José Antonio Sánchez Villalobos,Oviedo,Burgos,0,0,7,1,33,,espn,2026-10-06T11:06:09Z
espn:401883240,2026-09-06,SP2,Segunda División,Germán Cid Camacho,Castellon,Albacete,2,0,2,0,18,,espn,2026-10-06T11:06:09Z
espn:401883241,2026-09-06,SP2,Segunda División,Gorka Etayo Herrera,Almeria,Cadiz,3,2,4,0,23,,espn,2026-10-06T11:06:09Z
espn:401883215,2026-09-11,SP2,Segunda División,Gorka Etayo Herrera,Burgos,Ceuta,3,1,5,0,34,,espn,2026-10-06T11:06:09Z
espn:401883173,2026-09-12,SP2,Segunda División,José Luis Guzmán Mansilla,Andorra,Sociedad B,1,3,6,0,36,,espn,2026-10-06T11:06:09Z
espn:401883214,2026-09-12,SP2,Segunda División,Eder Mallo Fernández,Cadiz,Las Palmas,0,1,4,0,28,,espn,2026-10-06T11:06:09Z
espn:401883212,2026-09-12,SP2,Segunda División,José Antonio Sánchez Villalobos,Girona,Castellon,1,2,6,1,19,,espn,2026-10-06T11:06:09Z
espn:401883211,2026-09-12,SP2,Segunda División,Daniel Palencia Caballero,Granada,Albacete,1,1,2,0,31,,espn,2026-10-06T11:06:09Z
espn:401883213,2026-09-12,SP2,Segunda División,Andrés Fuentes Molina,Cordoba,Almeria,0,2,9,1,30,,espn,2026-10-06T11:06:09Z
espn:401883210,2026-09-13,SP2,Segunda División,Olatz Rivera Olmedo,Sp Gijon,Eldense,0,1,5,0,23,,espn,2026-10-06T11:06:09Z
espn:401883208,2026-09-13,SP2,Segunda División,Iosu Galech Apezteguía,Valladolid,Oviedo,0,3,4,0,22,,espn,2026-10-06T11:06:09Z
espn:401883172,2026-09-13,SP2,Segunda División,Daniel Miranda Bolaño,Mallorca,Sabadell,2,0,3,0,26,,espn,2026-10-06T11:06:09Z
espn:401883209,2026-09-13,SP2,Segunda División,Pablo Morales Moreno,Tenerife,Leganes,2,0,4,0,35,,espn,2026-10-06T11:06:09Z
espn:401883314,2026-09-14,SP2,Segunda División,Manuel Ángel Pérez Hernández,Celta B,Eibar,0,4,7,0,21,,espn,2026-10-06T11:06:09Z
espn:401883171,2026-09-18,SP2,Segunda División,Iosu Galech Apezteguía,Albacete,Cordoba,1,2,7,0,34,,espn,2026-10-06T11:06:09Z
espn:401883167,2026-09-19,SP2,Segunda División,Gonzalo Romero Freixas,Sociedad B,Mallorca,0,1,5,0,29,,espn,2026-10-06T11:06:09Z
espn:401883207,2026-09-19,SP2,Segunda División,Pablo Morales Moreno,Andorra,Sp Gijon,1,3,4,0,25,,espn,2026-10-06T11:06:09Z
espn:401883170,2026-09-19,SP2,Segunda División,Salvador Lax Franco,Castellon,Tenerife,5,0,2,0,19,,espn,2026-10-06T11:06:09Z
espn:401883205,2026-09-19,SP2,Segunda División,Eder Mallo Fernández,Eldense,Eibar,1,2,6,0,22,,espn,2026-10-06T11:06:09Z
espn:401883206,2026-09-19,SP2,Segunda División,Manuel Ángel Pérez Hernández,Cadiz,Girona,1,2,6,0,26,,espn,2026-10-06T11:06:09Z
espn:401883203,2026-09-20,SP2,Segunda División,Alejandro Morilla Turrión,Sabadell,Oviedo,3,1,4,0,26,,espn,2026-10-06T11:06:09Z
espn:401883169,2026-09-20,SP2,Segunda División,Saúl Ais Reig,Ceuta,Valladolid,1,1,6,2,31,,espn,2026-10-06T11:06:09Z
espn:401883313,2026-09-20,SP2,Segunda División,Rafael Sánchez López,Almeria,Celta B,2,0,1,0,20,,espn,2026-10-06T11:06:09Z
espn:401883168,2026-09-20,SP2,Segunda División,José Luis Guzmán Mansilla,Las Palmas,Burgos,1,2,5,0,33,,espn,2026-10-06T11:06:09Z
espn:401883204,2026-09-20,SP2,Segunda División,Germán Cid Camacho,Leganes,Granada,3,2,6,0,25,,espn,2026-10-06T11:06:09Z
espn:401883200,2026-09-25,SP2,Segunda División,Saúl Ais Reig,Girona,Albacete,2,0,4,1,21,,espn,2026-10-06T11:06:09Z
espn:401883166,2026-09-26,SP2,Segunda División,Daniel Miranda Bolaño,Ceuta,Sociedad B,3,1,7,2,34,,espn,2026-10-06T11:06:09Z
espn:401883312,2026-09-26,SP2,Segunda División,Gorka Etayo Herrera,Celta B,Sabadell,1,1,6,0,29,,espn,2026-10-06T11:06:09Z
espn:401883163,2026-09-26,SP2,Segunda División,Olatz Rivera Olmedo,Tenerife,Cadiz,1,1,4,0,25,,espn,2026-10-06T11:06:09Z
espn:401883197,2026-09-27,SP2,Segunda División,Gonzalo Romero Freixas,Valladolid,Cordoba,3,1,6,0,35,,espn,2026-10-06T11:06:09Z
espn:401883164,2026-09-27,SP2,Segunda División,Daniel Palencia Caballero,Mallorca,Almeria,0,1,9,0,37,,espn,2026-10-06T11:06:09Z
espn:401883202,2026-09-27,SP2,Segunda División,Abraham Domínguez Cervantes,Burgos,Eldense,1,0,5,0,29,,espn,2026-10-06T11:06:09Z
espn:401883201,2026-09-27,SP2,Segunda División,Salvador Lax Franco,Eibar,Las Palmas,3,2,7,1,18,,espn,2026-10-06T11:06:09Z
espn:401883198,2026-09-27,SP2,Segunda División,Andrés Fuentes Molina,Oviedo,Sp Gijon,2,0,10,1,26,,espn,2026-10-06T11:06:09Z
espn:401883199,2026-09-28,SP2,Segunda División,Alejandro Ojaos Valera,Leganes,Castellon,0,2,7,1,28,,espn,2026-10-06T11:06:09Z
espn:401915452,2026-09-08,CL,CL,Luís Godinho,AEK Athens,LASK Linz,1,0,3,0,22,,espn,2026-10-06T17:33:03Z
espn:401915426,2026-09-08,CL,CL,Sandro Scharer,Club Brugge,Aston Villa,2,3,6,0,31,,espn,2026-10-06T17:33:03Z
espn:401915449,2026-09-08,CL,CL,Simone Sozza,Dortmund,Villarreal,3,2,4,0,25,,espn,2026-10-06T17:33:03Z
espn:401915425,2026-09-08,CL,CL,Szymon Marciniak,FC Porto,Man City,0,2,4,0,27,,espn,2026-10-06T17:33:03Z
espn:401915450,2026-09-08,CL,CL,Georgi Kabakov,Lille,Betis,2,3,4,1,24,,espn,2026-10-06T17:33:03Z
espn:401915451,2026-09-08,CL,CL,Michael Oliver,Real Madrid,Inter,2,1,4,0,22,,espn,2026-10-06T17:33:03Z
espn:401915424,2026-09-09,CL,CL,Sven Jablonski,Barcelona,Feyenoord,5,1,2,0,22,,espn,2026-10-06T17:33:03Z
espn:401915448,2026-09-09,CL,CL,Nenad Minakovic,Stuttgart,Viking FK,3,1,3,0,26,,espn,2026-10-06T17:33:03Z
espn:401915446,2026-09-09,CL,CL,Davide Massa,Liverpool,Ath Madrid,2,1,2,0,21,,espn,2026-10-06T17:33:03Z
espn:401915423,2026-09-09,CL,CL,Glenn Nyberg,Napoli,Arsenal,0,1,3,0,23,,espn,2026-10-06T17:33:03Z
espn:401915445,2026-09-09,CL,CL,Mykola Balakin,PSG,Slovan Bratislava,6,1,1,0,14,,espn,2026-10-06T17:33:03Z
espn:401915447,2026-09-09,CL,CL,Espen Eskas,Sporting CP,Galatasaray,3,1,5,0,24,,espn,2026-10-06T17:33:03Z
espn:401915444,2026-09-10,CL,CL,Jesús Gil Manzano,Fenerbahce,Roma,1,1,6,0,31,,espn,2026-10-06T17:33:03Z
espn:401915422,2026-09-10,CL,CL,Halil Meler,PSV Eindhoven,Shakhtar Donetsk,1,1,9,0,29,,espn,2026-10-06T17:33:03Z
espn:401915443,2026-09-10,CL,CL,Rade Obrenovic,Bayern Munich,Bodo/Glimt,5,0,1,1,13,,espn,2026-10-06T17:33:03Z
espn:401915441,2026-09-10,CL,CL,Serdar Gözübüyük,Como,RB Leipzig,4,1,5,0,19,,espn,2026-10-06T17:33:03Z
espn:401915442,2026-09-10,CL,CL,Willy Delajod,Man United,Sabah FK,4,0,2,0,25,,espn,2026-10-06T17:33:03Z
espn:401915440,2026-09-10,CL,CL,Vasilis Fotias,Slavia Prague,Lens,2,3,1,1,16,,espn,2026-10-06T17:33:03Z
