league,league_name,referee,matches,yellow_cards,second_yellow_cards,red_cards,source,updated_at
E0,Premier League,Michael Oliver,5,14,0,1,worldsoccerdata,2026-10-06T09:19:42Z
E0,Premier League,Darren England,4,14,0,0,worldsoccerdata,2026-10-06T09:19:42Z
E0,Premier League,Jarred Gillett,4,15,0,0,worldsoccerdata,2026-10-06T09:19:42Z
E0,Premier League,Andy Madley,3,12,0,0,worldsoccerdata,2026-10-06T09:19:42Z
E0,Premier League,Chris Kavanagh,3,15,0,1,worldsoccerdata,2026-10-06T09:19:42Z
E0,Premier League,John Brooks,3,17,0,1,worldsoccerdata,2026-10-06T09:19:42Z
E0,Premier League,Peter Bankes,3,11,0,1,worldsoccerdata,2026-10-06T09:19:42Z
E0,Premier League,Robert Jones,3,9,0,0,worldsoccerdata,2026-10-06T09:19:42Z
E0,Premier League,Samuel Barrott,3,9,0,0,worldsoccerdata,2026-10-06T09:19:42Z
E0,Premier League,Stuart Attwell,3,17,0,1,worldsoccerdata,2026-10-06T09:19:42Z
E0,Premier League,Thomas Bramall,3,8,0,0,worldsoccerdata,2026-10-06T09:19:42Z
E0,Premier League,Tony Harrington,3,9,0,1,worldsoccerdata,2026-10-06T09:19:42Z
E0,Premier League,Craig Pawson,2,8,0,0,worldsoccerdata,2026-10-06T09:19:42Z
E0,Premier League,Farai Hallam,2,9,0,0,worldsoccerdata,2026-10-06T09:19:42Z
E0,Premier League,Michael Salisbury,2,5,0,0,worldsoccerdata,2026-10-06T09:19:42Z
E0,Premier League,Paul Tierney,2,4,0,0,worldsoccerdata,2026-10-06T09:19:42Z
E0,Premier League,Adam Herczeg,1,5,0,0,worldsoccerdata,2026-10-06T09:19:42Z
E0,Premier League,Josh Smith,1,5,0,0,worldsoccerdata,2026-10-06T09:19:42Z
E1,Championship,Andrew Kitchen,5,17,0,0,worldsoccerdata,2026-10-06T09:19:50Z
E1,Championship,Tim Robinson,5,24,0,0,worldsoccerdata,2026-10-06T09:19:50Z
E1,Championship,Adam Herczeg,4,14,0,0,worldsoccerdata,2026-10-06T09:19:50Z
E1,Championship,Anthony Backhouse,4,17,0,0,worldsoccerdata,2026-10-06T09:19:50Z
E1,Championship,Elliot Bell,4,23,0,1,worldsoccerdata,2026-10-06T09:19:50Z
E1,Championship,Gavin Ward,4,13,0,0,worldsoccerdata,2026-10-06T09:19:50Z
E1,Championship,John Busby,4,13,0,0,worldsoccerdata,2026-10-06T09:19:50Z
E1,Championship,Josh Smith,4,21,0,0,worldsoccerdata,2026-10-06T09:19:50Z
E1,Championship,Lewis Smith,4,12,0,1,worldsoccerdata,2026-10-06T09:19:50Z
E1,Championship,Matt Donohue,4,17,0,0,worldsoccerdata,2026-10-06T09:19:50Z
E1,Championship,Oliver Langford,4,16,0,0,worldsoccerdata,2026-10-06T09:19:50Z
E1,Championship,Robert Madley,4,11,0,1,worldsoccerdata,2026-10-06T09:19:50Z
E1,Championship,Samuel Allison,4,12,0,1,worldsoccerdata,2026-10-06T09:19:50Z
E1,Championship,Tom Nield,4,11,0,0,worldsoccerdata,2026-10-06T09:19:50Z
E1,Championship,Will Finnie,4,10,0,3,worldsoccerdata,2026-10-06T09:19:50Z
E1,Championship,Benjamin Speedie,3,10,0,0,worldsoccerdata,2026-10-06T09:19:50Z
E1,Championship,David Webb,3,10,0,0,worldsoccerdata,2026-10-06T09:19:50Z
E1,Championship,Farai Hallam,3,8,0,0,worldsoccerdata,2026-10-06T09:19:50Z
E1,Championship,James Bell,3,8,0,1,worldsoccerdata,2026-10-06T09:19:50Z
E1,Championship,Steve Martin,3,16,0,1,worldsoccerdata,2026-10-06T09:19:50Z
E1,Championship,Tom Reeves,3,15,0,0,worldsoccerdata,2026-10-06T09:19:50Z
E1,Championship,Edward Duckworth,2,7,0,0,worldsoccerdata,2026-10-06T09:19:50Z
E1,Championship,Paul Tierney,2,6,0,1,worldsoccerdata,2026-10-06T09:19:50Z
E1,Championship,Robert Jones,2,6,0,0,worldsoccerdata,2026-10-06T09:19:50Z
E1,Championship,Rueben Ricardo,2,8,0,0,worldsoccerdata,2026-10-06T09:19:50Z
E1,Championship,Thomas Parsons,2,11,0,1,worldsoccerdata,2026-10-06T09:19:50Z
E1,Championship,Tony Harrington,2,6,0,0,worldsoccerdata,2026-10-06T09:19:50Z
E1,Championship,Andy Madley,1,3,0,0,worldsoccerdata,2026-10-06T09:19:50Z
E1,Championship,Michael Salisbury,1,8,0,0,worldsoccerdata,2026-10-06T09:19:50Z
E1,Championship,Ruebyn Ricardo,1,5,0,0,worldsoccerdata,2026-10-06T09:19:50Z
I1,Serie A,Alberto Ruben Arena,2,3,0,0,worldsoccerdata,2026-10-06T09:20:01Z
I1,Serie A,Antonio Rapuano,2,9,0,1,worldsoccerdata,2026-10-06T09:20:01Z
I1,Serie A,Daniele Chiffi,2,7,0,0,worldsoccerdata,2026-10-06T09:20:01Z
I1,Serie A,Daniele Doveri,2,4,0,0,worldsoccerdata,2026-10-06T09:20:01Z
I1,Serie A,Daniele Perenzoni,2,7,0,0,worldsoccerdata,2026-10-06T09:20:01Z
I1,Serie A,Davide Massa,2,6,0,0,worldsoccerdata,2026-10-06T09:20:01Z
I1,Serie A,Fabio Maresca,2,10,0,0,worldsoccerdata,2026-10-06T09:20:01Z
I1,Serie A,Federico La Penna,2,5,0,0,worldsoccerdata,2026-10-06T09:20:01Z
I1,Serie A,Francesco Fourneau,2,8,0,0,worldsoccerdata,2026-10-06T09:20:01Z
I1,Serie A,Gianluca Manganiello,2,6,0,0,worldsoccerdata,2026-10-06T09:20:01Z
I1,Serie A,Juan Luca Sacchi,2,8,0,0,worldsoccerdata,2026-10-06T09:20:01Z
I1,Serie A,Luca Pairetto,2,3,0,0,worldsoccerdata,2026-10-06T09:20:01Z
I1,Serie A,Luca Zufferli,2,4,0,0,worldsoccerdata,2026-10-06T09:20:01Z
I1,Serie A,Marco Di Bello,2,5,0,0,worldsoccerdata,2026-10-06T09:20:01Z
I1,Serie A,Marco Guida,2,6,0,0,worldsoccerdata,2026-10-06T09:20:01Z
I1,Serie A,Matteo Marcenaro,2,9,0,0,worldsoccerdata,2026-10-06T09:20:01Z
I1,Serie A,Maurizio Mariani,2,10,0,0,worldsoccerdata,2026-10-06T09:20:01Z
I1,Serie A,Simone Sozza,2,9,0,0,worldsoccerdata,2026-10-06T09:20:01Z
I1,Serie A,Valerio Crezzini,2,2,0,0,worldsoccerdata,2026-10-06T09:20:01Z
I1,Serie A,Andrea Colombo,1,1,0,1,worldsoccerdata,2026-10-06T09:20:01Z
I1,Serie A,Claudio Giuseppe Allegretta,1,1,0,0,worldsoccerdata,2026-10-06T09:20:01Z
I1,Serie A,Davide Di Marco,1,4,0,0,worldsoccerdata,2026-10-06T09:20:01Z
I1,Serie A,Ermanno Feliciani,1,3,0,0,worldsoccerdata,2026-10-06T09:20:01Z
I1,Serie A,Giovanni Ayroldi,1,4,0,0,worldsoccerdata,2026-10-06T09:20:01Z
I1,Serie A,Giuseppe Collu,1,6,0,0,worldsoccerdata,2026-10-06T09:20:01Z
I1,Serie A,Giuseppe Mucera,1,1,0,0,worldsoccerdata,2026-10-06T09:20:01Z
I1,Serie A,Kevin Bonacina,1,1,0,0,worldsoccerdata,2026-10-06T09:20:01Z
I1,Serie A,Livio Marinelli,1,4,0,0,worldsoccerdata,2026-10-06T09:20:01Z
I1,Serie A,Mario Perri,1,6,0,0,worldsoccerdata,2026-10-06T09:20:01Z
I1,Serie A,Michael Fabbri,1,3,0,0,worldsoccerdata,2026-10-06T09:20:01Z
I1,Serie A,Paride Tremolada,1,6,0,0,worldsoccerdata,2026-10-06T09:20:01Z
D1,Bundesliga,B. Brand,2,5,0,0,worldsoccerdata,2026-10-06T09:20:12Z
D1,Bundesliga,B. Dankert,2,10,0,0,worldsoccerdata,2026-10-06T09:20:12Z
D1,Bundesliga,D. Schlager,2,3,0,0,worldsoccerdata,2026-10-06T09:20:12Z
D1,Bundesliga,Daniel Siebert,2,4,0,0,worldsoccerdata,2026-10-06T09:20:12Z
D1,Bundesliga,Felix Zwayer,2,5,0,1,worldsoccerdata,2026-10-06T09:20:12Z
D1,Bundesliga,Florian Badstübner,2,5,0,0,worldsoccerdata,2026-10-06T09:20:12Z
D1,Bundesliga,Matthias Jollenbeck,2,10,0,0,worldsoccerdata,2026-10-06T09:20:12Z
D1,Bundesliga,R. Schroder,2,9,0,0,worldsoccerdata,2026-10-06T09:20:12Z
D1,Bundesliga,Robert Hartmann,2,16,0,0,worldsoccerdata,2026-10-06T09:20:12Z
D1,Bundesliga,Robin Braun,2,7,0,0,worldsoccerdata,2026-10-06T09:20:12Z
D1,Bundesliga,S. Storks,2,8,0,0,worldsoccerdata,2026-10-06T09:20:12Z
D1,Bundesliga,Sascha Stegemann,2,3,0,1,worldsoccerdata,2026-10-06T09:20:12Z
D1,Bundesliga,Sven Jablonski,2,2,0,0,worldsoccerdata,2026-10-06T09:20:12Z
D1,Bundesliga,Tobias Stieler,2,10,0,0,worldsoccerdata,2026-10-06T09:20:12Z
D1,Bundesliga,Christian Dingert,1,4,0,0,worldsoccerdata,2026-10-06T09:20:12Z
D1,Bundesliga,Florian Exner,1,3,0,0,worldsoccerdata,2026-10-06T09:20:12Z
D1,Bundesliga,Harm Osmers,1,2,0,0,worldsoccerdata,2026-10-06T09:20:12Z
D1,Bundesliga,Martin Petersen,1,4,0,0,worldsoccerdata,2026-10-06T09:20:12Z
D1,Bundesliga,Max Burda,1,6,0,0,worldsoccerdata,2026-10-06T09:20:12Z
D1,Bundesliga,Reiner Hempel,1,3,0,1,worldsoccerdata,2026-10-06T09:20:12Z
D1,Bundesliga,Timo Gerach,1,4,0,0,worldsoccerdata,2026-10-06T09:20:12Z
D1,Bundesliga,Tobias Reichel,1,4,0,0,worldsoccerdata,2026-10-06T09:20:12Z
F1,Ligue 1,Jeremy Stinat,4,15,0,0,worldsoccerdata,2026-10-06T09:20:21Z
F1,Ligue 1,Eric Wattellier,3,9,0,1,worldsoccerdata,2026-10-06T09:20:21Z
F1,Ligue 1,Guillaume Paradis,3,6,0,0,worldsoccerdata,2026-10-06T09:20:21Z
F1,Ligue 1,Hakim Ben el Salem Hadj,3,14,0,0,worldsoccerdata,2026-10-06T09:20:21Z
F1,Ligue 1,Jérôme Brisard,3,10,0,0,worldsoccerdata,2026-10-06T09:20:21Z
F1,Ligue 1,Mathieu Vernice,3,9,0,1,worldsoccerdata,2026-10-06T09:20:21Z
F1,Ligue 1,Romain Lissorgue,3,7,0,1,worldsoccerdata,2026-10-06T09:20:21Z
F1,Ligue 1,Ruddy Buquet,3,9,0,1,worldsoccerdata,2026-10-06T09:20:21Z
F1,Ligue 1,Willy Delajod,3,11,0,0,worldsoccerdata,2026-10-06T09:20:21Z
F1,Ligue 1,Aurelien Petit,2,3,0,0,worldsoccerdata,2026-10-06T09:20:21Z
F1,Ligue 1,Azzedine Souifi,2,5,0,0,worldsoccerdata,2026-10-06T09:20:21Z
F1,Ligue 1,Bastien Dechepy,2,8,0,0,worldsoccerdata,2026-10-06T09:20:21Z
F1,Ligue 1,Clement Turpin,2,4,0,0,worldsoccerdata,2026-10-06T09:20:21Z
F1,Ligue 1,François Letexier,2,7,0,1,worldsoccerdata,2026-10-06T09:20:21Z
F1,Ligue 1,Geoffrey Kubler,2,8,0,0,worldsoccerdata,2026-10-06T09:20:21Z
F1,Ligue 1,Jeremie Pignard,2,9,0,0,worldsoccerdata,2026-10-06T09:20:21Z
F1,Ligue 1,Marc Bollengier,2,4,0,1,worldsoccerdata,2026-10-06T09:20:21Z
N1,Eredivisie,Allard Lindhout,7,14,0,0,worldsoccerdata,2026-10-06T09:20:28Z
N1,Eredivisie,Joey Kooij,5,17,0,1,worldsoccerdata,2026-10-06T09:20:28Z
N1,Eredivisie,Sander van der Eijk,5,20,0,0,worldsoccerdata,2026-10-06T09:20:28Z
N1,Eredivisie,Serdar Gozubuyuk,5,10,0,1,worldsoccerdata,2026-10-06T09:20:28Z
N1,Eredivisie,Alex Bos,4,6,0,0,worldsoccerdata,2026-10-06T09:20:28Z
N1,Eredivisie,Danny Makkelie,4,11,0,0,worldsoccerdata,2026-10-06T09:20:28Z
N1,Eredivisie,Dennis Higler,4,5,0,0,worldsoccerdata,2026-10-06T09:20:28Z
N1,Eredivisie,Jannick van der Laan,4,11,0,1,worldsoccerdata,2026-10-06T09:20:28Z
N1,Eredivisie,Martin Van den Kerkhof,4,8,0,0,worldsoccerdata,2026-10-06T09:20:28Z
N1,Eredivisie,Robin Hensgens,4,11,0,0,worldsoccerdata,2026-10-06T09:20:28Z
N1,Eredivisie,Erwin Blank,3,7,0,0,worldsoccerdata,2026-10-06T09:20:28Z
N1,Eredivisie,Ingmar Oostrom,3,12,0,0,worldsoccerdata,2026-10-06T09:20:28Z
N1,Eredivisie,Jeroen Manschot,3,10,0,0,worldsoccerdata,2026-10-06T09:20:28Z
N1,Eredivisie,Marc Nagtegaal,2,4,0,0,worldsoccerdata,2026-10-06T09:20:28Z
N1,Eredivisie,Martijn Vos,2,8,0,0,worldsoccerdata,2026-10-06T09:20:28Z
N1,Eredivisie,Richard Martens,2,5,0,0,worldsoccerdata,2026-10-06T09:20:28Z
N1,Eredivisie,Freek Vandeursen,1,6,0,0,worldsoccerdata,2026-10-06T09:20:28Z
N1,Eredivisie,Stan Teuben,1,2,0,0,worldsoccerdata,2026-10-06T09:20:28Z
SP1,La Liga,Miguel Angel Ortiz Arias,5,21,0,3,worldsoccerdata,2026-10-06T09:18:55Z
SP1,La Liga,Francisco Hernandez Maeso,4,9,0,0,worldsoccerdata,2026-10-06T09:18:55Z
SP1,La Liga,Isidro Diaz de Mera Escuderos,4,21,0,1,worldsoccerdata,2026-10-06T09:18:55Z
SP1,La Liga,Javier Alberola Rojas,4,20,0,1,worldsoccerdata,2026-10-06T09:18:55Z
SP1,La Liga,Jon Ander Gonzalez Esteban,4,18,0,1,worldsoccerdata,2026-10-06T09:18:55Z
SP1,La Liga,José Luis Munuera Montero,4,12,0,1,worldsoccerdata,2026-10-06T09:18:55Z
SP1,La Liga,Juan Martinez Munuera,4,10,0,0,worldsoccerdata,2026-10-06T09:18:55Z
SP1,La Liga,Manuel Jesus Orellana Cid,4,24,0,1,worldsoccerdata,2026-10-06T09:18:55Z
SP1,La Liga,Mateo Busquets Ferrer,4,14,0,0,worldsoccerdata,2026-10-06T09:18:55Z
SP1,La Liga,Miguel Sesma Espinosa,4,18,0,2,worldsoccerdata,2026-10-06T09:18:55Z
SP1,La Liga,Ricardo De Burgos Bengoetxea,4,21,0,1,worldsoccerdata,2026-10-06T09:18:55Z
SP1,La Liga,Victor Garcia Verdura,4,11,0,0,worldsoccerdata,2026-10-06T09:18:55Z
SP1,La Liga,Alejandro Hernandez,3,16,0,2,worldsoccerdata,2026-10-06T09:18:55Z
SP1,La Liga,Carlos Muniz Munoz,3,8,0,0,worldsoccerdata,2026-10-06T09:18:55Z
SP1,La Liga,César Soto Grado,3,13,0,2,worldsoccerdata,2026-10-06T09:18:55Z
SP1,La Liga,Jesus Gil Manzano,3,15,0,0,worldsoccerdata,2026-10-06T09:18:55Z
SP1,La Liga,Jose Maria Sanchez Martinez,3,10,0,1,worldsoccerdata,2026-10-06T09:18:55Z
SP1,La Liga,Alejandro Quintero Gonzalez,2,6,0,2,worldsoccerdata,2026-10-06T09:18:55Z
SP1,La Liga,Luis Bestard Servera,2,11,0,0,worldsoccerdata,2026-10-06T09:18:55Z
SP1,La Liga,Adrian Cordero Vega,1,5,0,0,worldsoccerdata,2026-10-06T09:18:55Z
SP2,Segunda División,Iosu Galech Apezteguia,5,24,0,0,worldsoccerdata,2026-10-06T09:21:40Z
SP2,Segunda División,Rafael Sanchez Lopez,5,24,0,0,worldsoccerdata,2026-10-06T09:21:40Z
SP2,Segunda División,A. Dominguez,4,20,0,0,worldsoccerdata,2026-10-06T09:21:40Z
SP2,Segunda División,Alejandro Morilla Turrion,4,17,0,1,worldsoccerdata,2026-10-06T09:21:40Z
SP2,Segunda División,Andres Fuentes Molina,4,31,0,3,worldsoccerdata,2026-10-06T09:21:40Z
SP2,Segunda División,D. Miranda,4,19,0,2,worldsoccerdata,2026-10-06T09:21:40Z
SP2,Segunda División,Daniel Palencia Caballero,4,19,0,1,worldsoccerdata,2026-10-06T09:21:40Z
SP2,Segunda División,Eder Mallo Fernandez,4,27,0,0,worldsoccerdata,2026-10-06T09:21:40Z
SP2,Segunda División,Gorka Etayo Herrera,4,18,0,1,worldsoccerdata,2026-10-06T09:21:40Z
SP2,Segunda División,Jose Luis Guzman Mansilla,4,13,0,0,worldsoccerdata,2026-10-06T09:21:40Z
SP2,Segunda División,Jose Maria Sanchez Martinez,4,22,0,2,worldsoccerdata,2026-10-06T09:21:40Z
SP2,Segunda División,Martin Perez,4,28,0,0,worldsoccerdata,2026-10-06T09:21:40Z
SP2,Segunda División,O. Rivera Olmedo,4,16,0,0,worldsoccerdata,2026-10-06T09:21:40Z
SP2,Segunda División,Salvador Lax Franco,4,15,0,1,worldsoccerdata,2026-10-06T09:21:40Z
SP2,Segunda División,Alejandro Ojaos Valera,3,12,0,2,worldsoccerdata,2026-10-06T09:21:40Z
SP2,Segunda División,G. Romero,3,17,0,1,worldsoccerdata,2026-10-06T09:21:40Z
SP2,Segunda División,German Cid Camacho,3,24,0,1,worldsoccerdata,2026-10-06T09:21:40Z
SP2,Segunda División,Saul Ais Reig,3,11,0,3,worldsoccerdata,2026-10-06T09:21:40Z
SP2,Segunda División,Damaso Arcediano Monescillo,2,9,0,0,worldsoccerdata,2026-10-06T09:21:40Z
SP2,Segunda División,J. M. Gordillo,2,15,0,0,worldsoccerdata,2026-10-06T09:21:40Z
SP2,Segunda División,P. Morales,2,8,0,0,worldsoccerdata,2026-10-06T09:21:40Z
SP2,Segunda División,P. Moreno,2,6,0,0,worldsoccerdata,2026-10-06T09:21:40Z
SP2,Segunda División,G. Escamilla,1,7,0,0,worldsoccerdata,2026-10-06T09:21:40Z
SP2,Segunda División,G. Freixas,1,2,0,0,worldsoccerdata,2026-10-06T09:21:40Z
SP2,Segunda División,Jose Guzman,1,13,0,0,worldsoccerdata,2026-10-06T09:21:40Z
SP2,Segunda División,Manuel Angel Perez Hernandez,1,7,0,0,worldsoccerdata,2026-10-06T09:21:40Z
SP2,Segunda División,Marta Huerta de Aza,1,11,0,0,worldsoccerdata,2026-10-06T09:21:40Z
SP2,Segunda División,Ojaos Valera,1,9,0,1,worldsoccerdata,2026-10-06T09:21:40Z
